Feature	SRR13006004	SRR13006002	SRR13006003
SOTU201	1.0448410970831519	0.0	1.1538461538461537
SOTU801	1415.759686547671	896.8146794820875	1320.1923076923078
SOTU701	1556.464954288202	920.6450075462704	1548.6538461538462
SOTU401	1091.6848062690465	1726.9044403844628	1062.5
SOTU202	531.9982585981716	721.6617682103424	510.5769230769231
SOTU901	1514.8454505877232	1088.6488203987608	1592.5
SOTU301	0.17414018284719196	0.39717213440305027	1.9230769230769231
SOTU601	966.3038746190683	1117.6423862101835	930.1923076923077
SOTU501	1119.8955158902916	1846.4532528397806	1016.5384615384615
SOTU101	1801.8284719198955	1680.8324727937088	2015.7692307692307
