	zOTU__jaccard	zOTU__weighted_jaccard	zOTU__braycurtis	zOTU__gunifrac_a0.0	zOTU__gunifrac_a0.5	zOTU__gunifrac_a1.0	TIC__jaccard	TIC__weighted_jaccard	TIC__braycurtis	TIC__gunifrac_a0.0	TIC__gunifrac_a0.5	TIC__gunifrac_a1.0	TAC__jaccard	TAC__weighted_jaccard	TAC__braycurtis	TAC__gunifrac_a0.0	TAC__gunifrac_a0.5	TAC__gunifrac_a1.0
zOTU__jaccard	0.0	0.2125759509497983	0.1599854659043436	0.14504465446092676	0.18927365555232778	0.18393659562501238	0.08065617064805343	0.23094684162432827	0.2016658219222343	0.1531176060111896	0.19159949469630935	0.18436165380989727	0.07596250195686312	0.23558898588694174	0.19401362273159165	0.15302251543313464	0.19054954147682862	0.18356112163925775
zOTU__weighted_jaccard	0.2125759509497983	0.0	0.15436478503149278	0.3406518988539502	0.3780821149670794	0.34752766643578814	0.28951605268819575	0.05831806309585144	0.1999664703189627	0.354710719436693	0.3805742639848653	0.3480769679943438	0.2844974977072069	0.059151159255743435	0.1971833175621652	0.3540509156306429	0.3795243107653846	0.3472764358237042
zOTU__braycurtis	0.1599854659043436	0.15436478503149278	0.0	0.2442086520583506	0.24787386349558183	0.20684942158199315	0.16229604571031833	0.11919925978456572	0.049254851272952156	0.24957626692829107	0.2502860892658043	0.2073661738490013	0.15548981383328983	0.12384140404717921	0.04950708131911971	0.24986726991436822	0.24923613604632364	0.20656564167836178
zOTU__gunifrac_a0.0	0.14504465446092676	0.3406518988539502	0.2442086520583506	0.0	0.08723881619673424	0.11485405855588196	0.12290969519454296	0.34125341643328494	0.26209442209923006	0.014122430590978107	0.08761105028219357	0.11530688528252417	0.12792825017553183	0.34589556069589844	0.26487757485602764	0.013462626784927947	0.08699058250004484	0.11485150693204116
zOTU__gunifrac_a0.5	0.18927365555232778	0.3780821149670794	0.24787386349558183	0.08723881619673424	0.0	0.04237406355447108	0.1512711136380204	0.3429170676863919	0.23226973168738066	0.08617707080569008	0.002492149017785954	0.042368964171133686	0.15628966861900923	0.34755921194900546	0.23505288444417818	0.0862107935999263	0.0018996225147269563	0.043164520939255616
zOTU__gunifrac_a1.0	0.18393659562501238	0.34752766643578814	0.20684942158199315	0.11485405855588196	0.04237406355447108	0.0	0.13591735644413877	0.3034165293699007	0.1912452897737919	0.11564694451321829	0.044163400795104404	0.0009179361134979513	0.1404826153093964	0.30805867363251416	0.1940284425305894	0.1156697946025489	0.04320741161355763	0.001291769049922775
TIC__jaccard	0.08065617064805343	0.28951605268819575	0.16229604571031833	0.12290969519454296	0.1512711136380204	0.13591735644413877	0.0	0.26191626699562165	0.17088059850654116	0.12713867945503324	0.15351702953443855	0.13625884366143848	0.008161091456858678	0.2665584112582351	0.1733295769554349	0.12733656477971028	0.15246707631495782	0.13546054621804993
TIC__weighted_jaccard	0.23094684162432827	0.05831806309585144	0.11919925978456572	0.34125341643328494	0.3429170676863919	0.3034165293699007	0.26191626699562165	0.0	0.14434128970462606	0.35270439472960824	0.3453292934566144	0.30394931419205695	0.25689771201463274	0.008336705258077434	0.1415581369478285	0.3520140646782322	0.3442793402371337	0.30314878202141743
TIC__braycurtis	0.2016658219222343	0.1999664703189627	0.049254851272952156	0.26209442209923006	0.23226973168738066	0.1912452897737919	0.17088059850654116	0.14434128970462606	0.0	0.2644159133055664	0.23468195745760312	0.19176204204080013	0.16614402290362892	0.14898343396723954	0.0077537219747995005	0.2647069162916435	0.2336320042381224	0.19096150987016056
TIC__gunifrac_a0.0	0.1531176060111896	0.354710719436693	0.24957626692829107	0.014122430590978107	0.08617707080569008	0.11564694451321829	0.12713867945503324	0.35270439472960824	0.2644159133055664	0.0	0.08640020023226984	0.1160997712398605	0.13215723443602212	0.3573465389922217	0.2671990660623639	0.0009588929390058135	0.08583453239776823	0.11564439288937749
TIC__gunifrac_a0.5	0.19159949469630935	0.3805742639848653	0.2502860892658043	0.08761105028219357	0.002492149017785954	0.044163400795104404	0.15351702953443855	0.3453292934566144	0.23468195745760312	0.08640020023226984	0.0	0.044158301411767006	0.15853558451542737	0.34997143771922795	0.23746511021440067	0.08643392302650606	0.0010499532194807133	0.04495385817988895
TIC__gunifrac_a1.0	0.18436165380989727	0.3480769679943438	0.2073661738490013	0.11530688528252417	0.042368964171133686	0.0009179361134979513	0.13625884366143848	0.30394931419205695	0.19176204204080013	0.1160997712398605	0.044158301411767006	0.0	0.14087512420273388	0.30859145845467045	0.19454519479759766	0.1161226213291911	0.043202312230220224	0.0008005321706395554
TAC__jaccard	0.07596250195686312	0.2844974977072069	0.15548981383328983	0.12792825017553183	0.15628966861900923	0.1404826153093964	0.008161091456858678	0.25689771201463274	0.16614402290362892	0.13215723443602212	0.15853558451542737	0.14087512420273388	0.0	0.2615398562772462	0.1651684854985762	0.13235511976069916	0.15748563129594667	0.14007459203209438
TAC__weighted_jaccard	0.23558898588694174	0.059151159255743435	0.12384140404717921	0.34589556069589844	0.34755921194900546	0.30805867363251416	0.2665584112582351	0.008336705258077434	0.14898343396723954	0.3573465389922217	0.34997143771922795	0.30859145845467045	0.2615398562772462	0.0	0.146200281210442	0.3566562089408457	0.3489214844997472	0.307790926284031
TAC__braycurtis	0.19401362273159165	0.1971833175621652	0.04950708131911971	0.26487757485602764	0.23505288444417818	0.1940284425305894	0.1733295769554349	0.1415581369478285	0.0077537219747995005	0.2671990660623639	0.23746511021440067	0.19454519479759766	0.1651684854985762	0.146200281210442	0.0	0.26749006904844097	0.23641515699491997	0.1937446626269581
TAC__gunifrac_a0.0	0.15302251543313464	0.3540509156306429	0.24986726991436822	0.013462626784927947	0.0862107935999263	0.1156697946025489	0.12733656477971028	0.3520140646782322	0.2647069162916435	0.0009588929390058135	0.08643392302650606	0.1161226213291911	0.13235511976069916	0.3566562089408457	0.26749006904844097	0.0	0.08586825519200444	0.11566724297870812
TAC__gunifrac_a0.5	0.19054954147682862	0.3795243107653846	0.24923613604632364	0.08699058250004484	0.0018996225147269563	0.04320741161355763	0.15246707631495782	0.3442793402371337	0.2336320042381224	0.08583453239776823	0.0010499532194807133	0.043202312230220224	0.15748563129594667	0.3489214844997472	0.23641515699491997	0.08586825519200444	0.0	0.043997868998342175
TAC__gunifrac_a1.0	0.18356112163925775	0.3472764358237042	0.20656564167836178	0.11485150693204116	0.043164520939255616	0.001291769049922775	0.13546054621804993	0.30314878202141743	0.19096150987016056	0.11564439288937749	0.04495385817988895	0.0008005321706395554	0.14007459203209438	0.307790926284031	0.1937446626269581	0.11566724297870812	0.043997868998342175	0.0
