genus_species	SRR13005984	SRR13005985
Actinomyces_bowdenii	502.16063179853984	368.5854529228024
Enterorhabdus_mucosicola	1038.593354194606	970.3257474341812
Cellulosimicrobium_cellulans	421.32320071524373	367.2467648371263
Bacteroides_sartorii	971.1667411712117	950.2454261490408
Alistipes_sp	0.0	0.0
Bacillus_subtilis	1395.4701236775447	1383.5341365461848
Parabacteroides_goldsteinii	632.5435851586948	690.5399375278894
Flavonifractor_plautii	360.97451944568627	351.6287371709059
Clostridium_ramosum	356.1317240351662	399.3752788933512
Enterococcus_hirae	1016.987036209209	1132.0838911200356
Acetatifactor_muris	418.7155416480406	370.59348505131646
Staphylococcus_warneri	1593.279690061094	1672.690763052209
Pseudomonas_sp	0.0	0.0
