genus_species	Mock 8
Nitrobacter_winogradskyi	658.4714943514152
Nitrosomonas_europaea	1143.5445733486358
Pseudomonas_putida	1036.7261715455136
Gemmatimonas_aurantiaca	550.1320538171158
Bacillus_subtilis	576.8193697368603
Desulfovibrio_vulgaris	1035.965652179925
Clostridium_acetobutylicum	693.178832671912
Microlunatus_phosphovorus	0.0
Anaerolinea_thermophila	764.6676530372378
Treponema_bryantii	477.67529971376814
Deinococcus_grandis	577.4416128541601
Bacteroides_vulgatus	772.4802610655568
Escherichia_coli	714.1968224118143
Chloroflexus_aurantiacus	470.6923491751821
Desulfitobacterium_hafniense	528.0078540909028
