	Mock 3
Parabacteroides_distasonis_JCM_13401	182.32673925052615
Barnesiella_intestinihominis	0.0
Bacteroides_vulgatus	2793.5205968938576
Bacteroides_vulgatus__Copy3	457.84472088778875
Bacteroides_vulgatus__Copy4	547.1969903571153
Parabacteroides_distasonis_JCM_13400	205.70321732502606
Howardella_ureilytica	0.0
Roseburia_intestinalis_DSM_14610	0.39858188759990765
Roseburia_inulinivorans_DSM_16841	3.671148964735991
Prevotella_copri_DSM_18205	0.0
Prevotella_copri_DSM_18205__Copy2	0.0
Ruminococcus_gnavus_ATCC_29149	0.0
Clostridium_celatum_JCM_1394	3.7410756116833435
Parabacteroides_merdae	50.424105113735685
Bacteroides_massiliensis	0.5174571874104064
Coprococcus_comes_ATCC_27758	30.411098757403476
Bacteroides_thetaiotaomicron	0.0
Bacteroides_thetaiotaomicron__Copy1	4.5662100456621
Prevotella_buccalis	0.0
Eubacterium_rectale_DSM_17629	0.16782395267364528
Clostridium_cocleatum	34.22210101603417
Clostridium_methylpentosum_DSM_5476	0.0
Bacteroides_cellulosilyticus_DSM_14838	457.7608089114518
Clostridium_xylanovorans	392.7500052444984
Clostridium_phytofermentans_ATCC_700394	0.0
Bacteroides_ovatus	3828.8894949198284
Bacteroides_ovatus__Copy1	952.9393666044318
Bacteroides_ovatus__Copy5	0.0
Paraprevotella_clara_DSM_19731	0.4475305404630541
Bacteroides_fragilis	3.16068444202032
Bacteroides_uniformis	45.36141587474738
Parabacteroides_sp._D13	0.0
Bacteroides_eggerthii_BEI_HM-210	0.0
