	SRR13005964	SRR13005965	SRR13005966
Prevotella_copri	206.31472818794435	199.29314745729437	217.5926735061258
Collinsella_aerofaciens	1439.087856120868	1235.8138621637545	1269.5527552999984
Atopobium_parvulum	484.2428331022826	543.6874140977812	548.2636279427443
Eggerthella_lenta	347.3174637299746	350.87374828195567	362.3922959959452
Bifidobacterium_longum	575.6499692344189	583.9387394462989	588.8110177045284
Clostridium_ramosum	317.73802551689886	395.2483801295896	379.3452994739326
Staphylococcus_epidermidis	474.1606185735149	477.12546632633024	495.9190450390618
Klebsiella_pneumoniae	783.9663135420451	799.1360691144708	808.5009699914361
Escherichia_coli_LF82	1410.842828654247	1431.57274690752	1449.3944107520492
Oscillibacter_valericigenes	309.65742710781296	298.44885136461806	277.10295891081324
Akkermansia_muciniphila	305.58006093809075	311.4078146475555	307.51350123215127
Ruminococcus_gnavus	484.2428331022826	416.2576084822305	424.611566492476
Bacteroides_vulgatus	295.86851606111605	300.608678578441	299.12438610902353
Pseudomonas_aeruginosa	265.91840819624736	300.01963479285297	291.17220406522534
Citrobacter_freundii	530.2800038549644	510.8973100333792	532.271877239282
Enterobacter_cloacae	209.1318175415706	225.4074219516984	210.1648111575231
Listeria_welshimeri	684.5527129311815	750.441782839191	654.4383662198297
Microbacterium_flavum	102.00828817341409	78.93186726880032	84.50285754233882
