	Escherichia_coli	Staphylococcus_aureus	Streptococcus_agalactiae	Staphylococcus_epidermidis	Bacteroides_vulgatus	Methanobrevibacter_smithii	Pseudomonas_aeruginosa	Rhodobacter_sphaeroides	Streptococcus_mutans	Enterococcus_faecalis	Other
Escherichia_coli	0.5746096302494551	0.36322845592315195	0.002094407837868976	0.0	0.0016608844975366825	0.0	0.0	0.016551036402089273	0.0367692793950631	0.0	0.005086305694835012
Staphylococcus_aureus	0.00943798216907136	0.9905620178309287	0.0	0.0	0.0	0.0	0.0	0.0	0.0	0.0	0.0
Streptococcus_agalactiae	0.0	0.6394474846504115	0.23011382527507773	0.0	0.002959026522874724	0.0	0.0	0.035265939571788536	0.0782131330233031	0.0	0.014000590956544375
Staphylococcus_epidermidis	0.0	0.7019957194154072	0.025235656425599863	0.19628377133557195	0.014252762961758892	0.0	0.0	0.004138799225180784	0.010814063530286144	0.0	0.04727922710619517
Bacteroides_vulgatus	0.03349552990483389	0.043541301937223074	5.3428433853957e-06	0.0014210000479643826	0.8800663127657163	0.0	0.0017322130388271013	4.466508668969794e-06	9.685129947314646e-06	0.0	0.03972414782343343
Methanobrevibacter_smithii	0.0	0.6923796866093704	0.0	0.0	0.0	0.18841980767709268	0.0	0.03696117749934423	0.08223932821419265	0.0	0.0
Pseudomonas_aeruginosa	0.052320147905299166	0.2927919325907285	0.00774754906748741	0.0	0.005153497373184646	0.0	0.6335638245212135	0.001112882440527303	0.0026787424625507395	0.0	0.004631423639008849
Rhodobacter_sphaeroides	0.0	0.4290447793363547	0.014380770617305067	0.0	0.008932498618822242	0.0	0.0	0.5184297370520485	0.0008677332462055094	0.0	0.028344481129263955
Streptococcus_mutans	0.0	0.2017811855620281	0.0017528333345464301	0.0	0.0013909729392684465	0.0	0.0	0.0	0.790501776715284	0.0	0.004573231448873093
Enterococcus_faecalis	0.016012718148217336	0.29125287750822915	0.0038101376221704687	0.0	0.003267974890112769	0.0	0.0	3.692172875926906e-05	0.00046932510923415995	0.6776994413401202	0.00745060365315675
Other	0.02097829405501576	0.0621204998509503	0.00010887532122141429	0.000689044239914163	0.00242417808247287	0.0	0.000830871047839782	0.0006523562920968282	0.0014622888091444185	0.0008888103664897481	0.9098447819348547
