point_id	ASV__jaccard	ASV__weighted_jaccard	ASV__braycurtis	ASV__gunifrac_a0.0	ASV__gunifrac_a0.5	ASV__gunifrac_a1.0	zOTU__jaccard	zOTU__weighted_jaccard	zOTU__braycurtis	zOTU__gunifrac_a0.0	zOTU__gunifrac_a0.5	zOTU__gunifrac_a1.0	OTU__jaccard	OTU__weighted_jaccard	OTU__braycurtis	OTU__gunifrac_a0.0	OTU__gunifrac_a0.5	OTU__gunifrac_a1.0	TIC__jaccard	TIC__weighted_jaccard	TIC__braycurtis	TIC__gunifrac_a0.0	TIC__gunifrac_a0.5	TIC__gunifrac_a1.0	TAC__jaccard	TAC__weighted_jaccard	TAC__braycurtis	TAC__gunifrac_a0.0	TAC__gunifrac_a0.5	TAC__gunifrac_a1.0
ASV__jaccard	0.0	0.17454236435294718	0.027046742842837396	0.08071655388646509	0.1441220942975181	0.1220085359386858	0.0892857142857143	0.1638969128726993	0.018898757339349093	0.1645926970195016	0.1528529011859197	0.13228421323816192	0.1190476190476191	0.10787052257869012	0.022279614586448615	0.1654545709310098	0.1535901761056051	0.13284787501446632	0.1190476190476191	0.1078705225786899	0.022279614586448615	0.1654545709310098	0.1535901761056051	0.13284787501446632	0.1190476190476191	0.1078705225786899	0.022279614586448615	0.1654545709310098	0.1535901761056051	0.13284787501446632
ASV__weighted_jaccard	0.17454236435294718	0.0	0.14749562151010978	0.25525891823941227	0.3186644586504653	0.296550900291633	0.2638280786386615	0.01064545148024787	0.15564360701359808	0.33913506137244875	0.3273952655388669	0.3068265775911091	0.2935899834005663	0.06667184177425706	0.1968219789393958	0.33999693528395697	0.3281325404585523	0.3073902393674135	0.2935899834005663	0.06667184177425728	0.1968219789393958	0.33999693528395697	0.3281325404585523	0.3073902393674135	0.2935899834005663	0.06667184177425728	0.1968219789393958	0.33999693528395697	0.3281325404585523	0.3073902393674135
ASV__braycurtis	0.027046742842837396	0.14749562151010978	0.0	0.10776329672930249	0.1711688371403555	0.1490552787815232	0.1163324571285517	0.1368501700298619	0.008147985503488303	0.191639439862339	0.1798996440287571	0.1593309560809993	0.1460943618904565	0.08082377973585272	0.04932635742928601	0.1925013137738472	0.1806369189484425	0.1598946178573037	0.1460943618904565	0.0808237797358525	0.04932635742928601	0.1925013137738472	0.1806369189484425	0.1598946178573037	0.1460943618904565	0.0808237797358525	0.04932635742928601	0.1925013137738472	0.1806369189484425	0.1598946178573037
ASV__gunifrac_a0.0	0.08071655388646509	0.25525891823941227	0.10776329672930249	0.0	0.06340554041105301	0.041291982052220705	0.00856916039924921	0.2446134667591644	0.09961531122581418	0.08387614313303651	0.07213634729945462	0.05156765935169681	0.038331065161154004	0.1885870764651552	0.05843693930001648	0.0847380170445447	0.07287362221914001	0.052131321128001215	0.038331065161154004	0.188587076465155	0.05843693930001648	0.0847380170445447	0.07287362221914001	0.052131321128001215	0.038331065161154004	0.188587076465155	0.05843693930001648	0.0847380170445447	0.07287362221914001	0.052131321128001215
ASV__gunifrac_a0.5	0.1441220942975181	0.3186644586504653	0.1711688371403555	0.06340554041105301	0.0	0.022113558358832303	0.0548363800118038	0.3080190071702174	0.1630208516368672	0.020470602721983505	0.008730806888401603	0.011837881059356195	0.025074475249899003	0.2519926168762082	0.12184247971106948	0.0213324766334917	0.009468081808087003	0.011274219283051792	0.025074475249899003	0.251992616876208	0.12184247971106948	0.0213324766334917	0.009468081808087003	0.011274219283051792	0.025074475249899003	0.251992616876208	0.12184247971106948	0.0213324766334917	0.009468081808087003	0.011274219283051792
ASV__gunifrac_a1.0	0.1220085359386858	0.296550900291633	0.1490552787815232	0.041291982052220705	0.022113558358832303	0.0	0.032722821652971495	0.28590544881138513	0.1409072932780349	0.04258416108081581	0.030844365247233906	0.010275677299476108	0.0029609168910667005	0.22987905851737592	0.09972892135223718	0.043446034992324	0.031581640166919306	0.01083933907578051	0.0029609168910667005	0.2298790585173757	0.09972892135223718	0.043446034992324	0.031581640166919306	0.01083933907578051	0.0029609168910667005	0.2298790585173757	0.09972892135223718	0.043446034992324	0.031581640166919306	0.01083933907578051
zOTU__jaccard	0.0892857142857143	0.2638280786386615	0.1163324571285517	0.00856916039924921	0.0548363800118038	0.032722821652971495	0.0	0.2531826271584136	0.1081844716250634	0.0753069827337873	0.06356718690020541	0.0429984989524476	0.029761904761904795	0.19715623686440442	0.06700609969926569	0.07616885664529549	0.0643044618198908	0.043562160728752006	0.029761904761904795	0.1971562368644042	0.06700609969926569	0.07616885664529549	0.0643044618198908	0.043562160728752006	0.029761904761904795	0.1971562368644042	0.06700609969926569	0.07616885664529549	0.0643044618198908	0.043562160728752006
zOTU__weighted_jaccard	0.1638969128726993	0.01064545148024787	0.1368501700298619	0.2446134667591644	0.3080190071702174	0.28590544881138513	0.2531826271584136	0.0	0.14499815553335021	0.3284896098922009	0.316749814058619	0.2961811261108612	0.28294453192031843	0.05602639029400919	0.18617652745914792	0.3293514838037091	0.3174870889783044	0.29674478788716563	0.28294453192031843	0.05602639029400941	0.18617652745914792	0.3293514838037091	0.3174870889783044	0.29674478788716563	0.28294453192031843	0.05602639029400941	0.18617652745914792	0.3293514838037091	0.3174870889783044	0.29674478788716563
zOTU__braycurtis	0.018898757339349093	0.15564360701359808	0.008147985503488303	0.09961531122581418	0.1630208516368672	0.1409072932780349	0.1081844716250634	0.14499815553335021	0.0	0.1834914543588507	0.1717516585252688	0.151182970577511	0.1379463763869682	0.08897176523934103	0.04117837192579771	0.18435332827035888	0.1724889334449542	0.1517466323538154	0.1379463763869682	0.0889717652393408	0.04117837192579771	0.18435332827035888	0.1724889334449542	0.1517466323538154	0.1379463763869682	0.0889717652393408	0.04117837192579771	0.18435332827035888	0.1724889334449542	0.1517466323538154
zOTU__gunifrac_a0.0	0.1645926970195016	0.33913506137244875	0.191639439862339	0.08387614313303651	0.020470602721983505	0.04258416108081581	0.0753069827337873	0.3284896098922009	0.1834914543588507	0.0	0.011739795833581902	0.0323084837813397	0.04554507797188251	0.27246321959819175	0.142313082433053	0.0008618739115081944	0.011002520913896502	0.0317448220050353	0.04554507797188251	0.27246321959819153	0.142313082433053	0.0008618739115081944	0.011002520913896502	0.0317448220050353	0.04554507797188251	0.27246321959819153	0.142313082433053	0.0008618739115081944	0.011002520913896502	0.0317448220050353
zOTU__gunifrac_a0.5	0.1528529011859197	0.3273952655388669	0.1798996440287571	0.07213634729945462	0.008730806888401603	0.030844365247233906	0.06356718690020541	0.316749814058619	0.1717516585252688	0.011739795833581902	0.0	0.020568687947757798	0.033805282138300606	0.26072342376460983	0.1305732865994711	0.012601669745090097	0.0007372749196854003	0.020005026171453395	0.033805282138300606	0.2607234237646096	0.1305732865994711	0.012601669745090097	0.0007372749196854003	0.020005026171453395	0.033805282138300606	0.2607234237646096	0.1305732865994711	0.012601669745090097	0.0007372749196854003	0.020005026171453395
zOTU__gunifrac_a1.0	0.13228421323816192	0.3068265775911091	0.1593309560809993	0.05156765935169681	0.011837881059356195	0.010275677299476108	0.0429984989524476	0.2961811261108612	0.151182970577511	0.0323084837813397	0.020568687947757798	0.0	0.013236594190542808	0.24015473581685204	0.11000459865171329	0.033170357692847895	0.0213059628674432	0.0005636617763044027	0.013236594190542808	0.24015473581685182	0.11000459865171329	0.033170357692847895	0.0213059628674432	0.0005636617763044027	0.013236594190542808	0.24015473581685182	0.11000459865171329	0.033170357692847895	0.0213059628674432	0.0005636617763044027
OTU__jaccard	0.1190476190476191	0.2935899834005663	0.1460943618904565	0.038331065161154004	0.025074475249899003	0.0029609168910667005	0.029761904761904795	0.28294453192031843	0.1379463763869682	0.04554507797188251	0.033805282138300606	0.013236594190542808	0.0	0.22691814162630922	0.09676800446117048	0.0464069518833907	0.034542557057986006	0.01380025596684721	0.0	0.226918141626309	0.09676800446117048	0.0464069518833907	0.034542557057986006	0.01380025596684721	0.0	0.226918141626309	0.09676800446117048	0.0464069518833907	0.034542557057986006	0.01380025596684721
OTU__weighted_jaccard	0.10787052257869012	0.06667184177425706	0.08082377973585272	0.1885870764651552	0.2519926168762082	0.22987905851737592	0.19715623686440442	0.05602639029400919	0.08897176523934103	0.27246321959819175	0.26072342376460983	0.24015473581685204	0.22691814162630922	0.0	0.13015013716513874	0.2733250935096999	0.2614606986842952	0.24071839759315644	0.22691814162630922	2.220446049250313e-16	0.13015013716513874	0.2733250935096999	0.2614606986842952	0.24071839759315644	0.22691814162630922	2.220446049250313e-16	0.13015013716513874	0.2733250935096999	0.2614606986842952	0.24071839759315644
OTU__braycurtis	0.022279614586448615	0.1968219789393958	0.04932635742928601	0.05843693930001648	0.12184247971106948	0.09972892135223718	0.06700609969926569	0.18617652745914792	0.04117837192579771	0.142313082433053	0.1305732865994711	0.11000459865171329	0.09676800446117048	0.13015013716513874	0.0	0.14317495634456118	0.1313105615191565	0.11056826042801769	0.09676800446117048	0.1301501371651385	0.0	0.14317495634456118	0.1313105615191565	0.11056826042801769	0.09676800446117048	0.1301501371651385	0.0	0.14317495634456118	0.1313105615191565	0.11056826042801769
OTU__gunifrac_a0.0	0.1654545709310098	0.33999693528395697	0.1925013137738472	0.0847380170445447	0.0213324766334917	0.043446034992324	0.07616885664529549	0.3293514838037091	0.18435332827035888	0.0008618739115081944	0.012601669745090097	0.033170357692847895	0.0464069518833907	0.2733250935096999	0.14317495634456118	0.0	0.011864394825404696	0.03260669591654349	0.0464069518833907	0.2733250935096997	0.14317495634456118	0.0	0.011864394825404696	0.03260669591654349	0.0464069518833907	0.2733250935096997	0.14317495634456118	0.0	0.011864394825404696	0.03260669591654349
OTU__gunifrac_a0.5	0.1535901761056051	0.3281325404585523	0.1806369189484425	0.07287362221914001	0.009468081808087003	0.031581640166919306	0.0643044618198908	0.3174870889783044	0.1724889334449542	0.011002520913896502	0.0007372749196854003	0.0213059628674432	0.034542557057986006	0.2614606986842952	0.1313105615191565	0.011864394825404696	0.0	0.020742301091138796	0.034542557057986006	0.261460698684295	0.1313105615191565	0.011864394825404696	0.0	0.020742301091138796	0.034542557057986006	0.261460698684295	0.1313105615191565	0.011864394825404696	0.0	0.020742301091138796
OTU__gunifrac_a1.0	0.13284787501446632	0.3073902393674135	0.1598946178573037	0.052131321128001215	0.011274219283051792	0.01083933907578051	0.043562160728752006	0.29674478788716563	0.1517466323538154	0.0317448220050353	0.020005026171453395	0.0005636617763044027	0.01380025596684721	0.24071839759315644	0.11056826042801769	0.03260669591654349	0.020742301091138796	0.0	0.01380025596684721	0.24071839759315622	0.11056826042801769	0.03260669591654349	0.020742301091138796	0.0	0.01380025596684721	0.24071839759315622	0.11056826042801769	0.03260669591654349	0.020742301091138796	0.0
TIC__jaccard	0.1190476190476191	0.2935899834005663	0.1460943618904565	0.038331065161154004	0.025074475249899003	0.0029609168910667005	0.029761904761904795	0.28294453192031843	0.1379463763869682	0.04554507797188251	0.033805282138300606	0.013236594190542808	0.0	0.22691814162630922	0.09676800446117048	0.0464069518833907	0.034542557057986006	0.01380025596684721	0.0	0.226918141626309	0.09676800446117048	0.0464069518833907	0.034542557057986006	0.01380025596684721	0.0	0.226918141626309	0.09676800446117048	0.0464069518833907	0.034542557057986006	0.01380025596684721
TIC__weighted_jaccard	0.1078705225786899	0.06667184177425728	0.0808237797358525	0.188587076465155	0.251992616876208	0.2298790585173757	0.1971562368644042	0.05602639029400941	0.0889717652393408	0.27246321959819153	0.2607234237646096	0.24015473581685182	0.226918141626309	2.220446049250313e-16	0.1301501371651385	0.2733250935096997	0.261460698684295	0.24071839759315622	0.226918141626309	0.0	0.1301501371651385	0.2733250935096997	0.261460698684295	0.24071839759315622	0.226918141626309	0.0	0.1301501371651385	0.2733250935096997	0.261460698684295	0.24071839759315622
TIC__braycurtis	0.022279614586448615	0.1968219789393958	0.04932635742928601	0.05843693930001648	0.12184247971106948	0.09972892135223718	0.06700609969926569	0.18617652745914792	0.04117837192579771	0.142313082433053	0.1305732865994711	0.11000459865171329	0.09676800446117048	0.13015013716513874	0.0	0.14317495634456118	0.1313105615191565	0.11056826042801769	0.09676800446117048	0.1301501371651385	0.0	0.14317495634456118	0.1313105615191565	0.11056826042801769	0.09676800446117048	0.1301501371651385	0.0	0.14317495634456118	0.1313105615191565	0.11056826042801769
TIC__gunifrac_a0.0	0.1654545709310098	0.33999693528395697	0.1925013137738472	0.0847380170445447	0.0213324766334917	0.043446034992324	0.07616885664529549	0.3293514838037091	0.18435332827035888	0.0008618739115081944	0.012601669745090097	0.033170357692847895	0.0464069518833907	0.2733250935096999	0.14317495634456118	0.0	0.011864394825404696	0.03260669591654349	0.0464069518833907	0.2733250935096997	0.14317495634456118	0.0	0.011864394825404696	0.03260669591654349	0.0464069518833907	0.2733250935096997	0.14317495634456118	0.0	0.011864394825404696	0.03260669591654349
TIC__gunifrac_a0.5	0.1535901761056051	0.3281325404585523	0.1806369189484425	0.07287362221914001	0.009468081808087003	0.031581640166919306	0.0643044618198908	0.3174870889783044	0.1724889334449542	0.011002520913896502	0.0007372749196854003	0.0213059628674432	0.034542557057986006	0.2614606986842952	0.1313105615191565	0.011864394825404696	0.0	0.020742301091138796	0.034542557057986006	0.261460698684295	0.1313105615191565	0.011864394825404696	0.0	0.020742301091138796	0.034542557057986006	0.261460698684295	0.1313105615191565	0.011864394825404696	0.0	0.020742301091138796
TIC__gunifrac_a1.0	0.13284787501446632	0.3073902393674135	0.1598946178573037	0.052131321128001215	0.011274219283051792	0.01083933907578051	0.043562160728752006	0.29674478788716563	0.1517466323538154	0.0317448220050353	0.020005026171453395	0.0005636617763044027	0.01380025596684721	0.24071839759315644	0.11056826042801769	0.03260669591654349	0.020742301091138796	0.0	0.01380025596684721	0.24071839759315622	0.11056826042801769	0.03260669591654349	0.020742301091138796	0.0	0.01380025596684721	0.24071839759315622	0.11056826042801769	0.03260669591654349	0.020742301091138796	0.0
TAC__jaccard	0.1190476190476191	0.2935899834005663	0.1460943618904565	0.038331065161154004	0.025074475249899003	0.0029609168910667005	0.029761904761904795	0.28294453192031843	0.1379463763869682	0.04554507797188251	0.033805282138300606	0.013236594190542808	0.0	0.22691814162630922	0.09676800446117048	0.0464069518833907	0.034542557057986006	0.01380025596684721	0.0	0.226918141626309	0.09676800446117048	0.0464069518833907	0.034542557057986006	0.01380025596684721	0.0	0.226918141626309	0.09676800446117048	0.0464069518833907	0.034542557057986006	0.01380025596684721
TAC__weighted_jaccard	0.1078705225786899	0.06667184177425728	0.0808237797358525	0.188587076465155	0.251992616876208	0.2298790585173757	0.1971562368644042	0.05602639029400941	0.0889717652393408	0.27246321959819153	0.2607234237646096	0.24015473581685182	0.226918141626309	2.220446049250313e-16	0.1301501371651385	0.2733250935096997	0.261460698684295	0.24071839759315622	0.226918141626309	0.0	0.1301501371651385	0.2733250935096997	0.261460698684295	0.24071839759315622	0.226918141626309	0.0	0.1301501371651385	0.2733250935096997	0.261460698684295	0.24071839759315622
TAC__braycurtis	0.022279614586448615	0.1968219789393958	0.04932635742928601	0.05843693930001648	0.12184247971106948	0.09972892135223718	0.06700609969926569	0.18617652745914792	0.04117837192579771	0.142313082433053	0.1305732865994711	0.11000459865171329	0.09676800446117048	0.13015013716513874	0.0	0.14317495634456118	0.1313105615191565	0.11056826042801769	0.09676800446117048	0.1301501371651385	0.0	0.14317495634456118	0.1313105615191565	0.11056826042801769	0.09676800446117048	0.1301501371651385	0.0	0.14317495634456118	0.1313105615191565	0.11056826042801769
TAC__gunifrac_a0.0	0.1654545709310098	0.33999693528395697	0.1925013137738472	0.0847380170445447	0.0213324766334917	0.043446034992324	0.07616885664529549	0.3293514838037091	0.18435332827035888	0.0008618739115081944	0.012601669745090097	0.033170357692847895	0.0464069518833907	0.2733250935096999	0.14317495634456118	0.0	0.011864394825404696	0.03260669591654349	0.0464069518833907	0.2733250935096997	0.14317495634456118	0.0	0.011864394825404696	0.03260669591654349	0.0464069518833907	0.2733250935096997	0.14317495634456118	0.0	0.011864394825404696	0.03260669591654349
TAC__gunifrac_a0.5	0.1535901761056051	0.3281325404585523	0.1806369189484425	0.07287362221914001	0.009468081808087003	0.031581640166919306	0.0643044618198908	0.3174870889783044	0.1724889334449542	0.011002520913896502	0.0007372749196854003	0.0213059628674432	0.034542557057986006	0.2614606986842952	0.1313105615191565	0.011864394825404696	0.0	0.020742301091138796	0.034542557057986006	0.261460698684295	0.1313105615191565	0.011864394825404696	0.0	0.020742301091138796	0.034542557057986006	0.261460698684295	0.1313105615191565	0.011864394825404696	0.0	0.020742301091138796
TAC__gunifrac_a1.0	0.13284787501446632	0.3073902393674135	0.1598946178573037	0.052131321128001215	0.011274219283051792	0.01083933907578051	0.043562160728752006	0.29674478788716563	0.1517466323538154	0.0317448220050353	0.020005026171453395	0.0005636617763044027	0.01380025596684721	0.24071839759315644	0.11056826042801769	0.03260669591654349	0.020742301091138796	0.0	0.01380025596684721	0.24071839759315622	0.11056826042801769	0.03260669591654349	0.020742301091138796	0.0	0.01380025596684721	0.24071839759315622	0.11056826042801769	0.03260669591654349	0.020742301091138796	0.0
