inferred_feature	target_species	best_tip	target_tip	effective_identity	pident	bitscore	evalue	length
OTU1	Staphylococcus_aureus	Staphylococcus_aureus_ATCC_BAA-1718	Staphylococcus_aureus_ATCC_BAA-1718	100.0	100.0	468.0	1.45e-135	253.0
OTU10	Streptococcus_pneumoniae	Streptococcus_pneumoniae_ATCC_BAA-334	Streptococcus_pneumoniae_ATCC_BAA-334	100.0	100.0	466.0	5.19e-135	252.0
OTU11	Methanobrevibacter_smithii	Methanobrevibacter_smithii_ATCC_35061	Methanobrevibacter_smithii_ATCC_35061	100.0	100.0	470.0	4.05e-136	254.0
OTU12	Bacillus_cereus	Bacillus_cereus_ATCC_10987	Bacillus_cereus_ATCC_10987	100.0	100.0	468.0	1.45e-135	253.0
OTU13	Listeria_monocytogenes	Listeria_monocytogenes_ATCC_BAA-679	Listeria_monocytogenes_ATCC_BAA-679	100.0	100.0	468.0	1.45e-135	253.0
OTU14	Bacteroides_vulgatus	Bacteroides_vulgatus_ATCC_8482	Bacteroides_vulgatus_ATCC_8482	100.0	100.0	468.0	1.45e-135	253.0
OTU15	Neisseria_meningitidis	Neisseria_meningitidis_ATCC_BAA-335	Neisseria_meningitidis_ATCC_BAA-335	100.0	100.0	468.0	1.45e-135	253.0
OTU16	Actinomyces_odontolyticus	Actinomyces_odontolyticus_ATCC_17982	Actinomyces_odontolyticus_ATCC_17982	100.0	100.0	468.0	1.45e-135	253.0
OTU17	Helicobacter_pylori	Helicobacter_pylori_ATCC_700392	Helicobacter_pylori_ATCC_700392	100.0	100.0	470.0	4.05e-136	254.0
OTU18	Lactobacillus_gasseri	Lactobacillus_gasseri_DSM_20243	Lactobacillus_gasseri_DSM_20243	100.0	100.0	468.0	1.45e-135	253.0
OTU19	Enterococcus_faecalis	Enterococcus_faecalis_ATCC_47077	Enterococcus_faecalis_ATCC_47077	99.605	99.605	462.0	6.75e-134	253.0
OTU2	Acinetobacter_baumannii	Acinetobacter_baumannii_ATCC_17978	Acinetobacter_baumannii_ATCC_17978	100.0	100.0	468.0	1.45e-135	253.0
OTU20	Propionibacterium_acnes	Propionibacterium_acnes_DSM16379	Propionibacterium_acnes_DSM16379	100.0	100.0	468.0	1.45e-135	253.0
OTU3	Streptococcus_mutans	Streptococcus_mutans_ATCC_700610	Streptococcus_mutans_ATCC_700610	100.0	100.0	466.0	5.19e-135	252.0
OTU4	Rhodobacter_sphaeroides	Rhodobacter_sphaeroides_ATCC_17023	Rhodobacter_sphaeroides_ATCC_17023	100.0	100.0	468.0	1.45e-135	253.0
OTU5	Deinococcus_radiodurans	Deinococcus_radiodurans_DSM_20539_	Deinococcus_radiodurans_DSM_20539_	100.0	100.0	468.0	1.45e-135	253.0
OTU6	Escherichia_coli	Escherichia_coli_ATCC_700926	Escherichia_coli_ATCC_700926	100.0	100.0	468.0	1.45e-135	253.0
OTU7	Pseudomonas_aeruginosa	Pseudomonas_aeruginosa_ATCC_47085	Pseudomonas_aeruginosa_ATCC_47085	100.0	100.0	468.0	1.45e-135	253.0
OTU8	Clostridium_beijerinckii	Clostridium_beijerinckii_ATCC_51743	Clostridium_beijerinckii_ATCC_51743	100.0	100.0	468.0	1.45e-135	253.0
OTU9	Streptococcus_agalactiae	Streptococcus_agalactiae_ATCC_BAA-611	Streptococcus_agalactiae_ATCC_BAA-611	100.0	100.0	466.0	5.19e-135	252.0
