tip	species
Acinetobacter_baumannii_ATCC_17978	Acinetobacter_baumannii
Bacillus_cereus_ATCC_10987	Bacillus_cereus
Bacteroides_vulgatus_ATCC_8482	Bacteroides_vulgatus
Bacteroides_vulgatus_ATCC_8482__Copy3	Bacteroides_vulgatus
Bacteroides_vulgatus_ATCC_8482__Copy4	Bacteroides_vulgatus
Clostridium_beijerinckii_ATCC_51743	Clostridium_beijerinckii
Clostridium_beijerinckii_ATCC_51743__Copy3	Clostridium_beijerinckii
Deinococcus_radiodurans_DSM_20539_	Deinococcus_radiodurans
Enterococcus_faecalis_ATCC_47077	Enterococcus_faecalis
Escherichia_coli_ATCC_700926	Escherichia_coli
Helicobacter_pylori_ATCC_700392	Helicobacter_pylori
Lactobacillus_gasseri_DSM_20243	Lactobacillus_gasseri
Neisseria_meningitidis_ATCC_BAA-335	Neisseria_meningitidis
Propionibacterium_acnes_DSM16379	Propionibacterium_acnes
Pseudomonas_aeruginosa_ATCC_47085	Pseudomonas_aeruginosa
Rhodobacter_sphaeroides_ATCC_17023	Rhodobacter_sphaeroides
Staphylococcus_aureus_ATCC_BAA-1718	Staphylococcus_aureus
Staphylococcus_epidermidis_ATCC_12228__Copy4	Staphylococcus_epidermidis
Streptococcus_agalactiae_ATCC_BAA-611	Streptococcus_agalactiae
Streptococcus_mutans_ATCC_700610	Streptococcus_mutans
Streptococcus_pneumoniae_ATCC_BAA-334	Streptococcus_pneumoniae
Actinomyces_odontolyticus_ATCC_17982	Actinomyces_odontolyticus
Listeria_monocytogenes_ATCC_BAA-679	Listeria_monocytogenes
