community_id	n_samples	sample_cols	taxonomy_features	taxonomy_features_unique	taxonomy_species_collapsed	max_features_per_species	n_species_with_multiple_features	expected_fasta_records	expected_fasta_unique_ids	expected_fasta_duplicate_ids	expected_fasta_unique_sequences	expected_fasta_len_min	expected_fasta_len_median	expected_fasta_len_max	expected_fasta_ambiguous_fraction	species_is_even_all_samples	species_max_over_min_mean	species_evenness_gini_mean	species_shannon_mean	taxonomy_ids_missing_in_fasta	fasta_ids_extra_vs_taxonomy	has_taxonomy_bkp	has_sanitized_fasta
mock-12	1	Extreme.1	27	27	26	2	1	61	27	34	61	387	1489.0	1537	0.0	False	2.0000000054	0.035612536261538486	3.244492630320012	17	17	False	True
mock-13	1	mock-13	21	21	21	1	0	60	21	39	60	1445	1517.5	1579	3.281198731269824e-05	False	1.0000000021	3.2380942371901256e-10	3.044522437723422	0	0	True	False
mock-14	1	mock-14	21	21	21	1	0	60	21	39	60	1445	1517.5	1579	3.281198731269824e-05	False	1.0000000021	3.2380942371901256e-10	3.044522437723422	0	0	True	False
mock-16	1	mock-16	59	59	56	2	3	130	59	71	130	73	1475.0	2210	5.704929629693018e-06	False	2.0000000118	0.04812348803571442	4.007047900018927	7	7	False	False
mock-18	1	mock-18	15	15	15	1	0	15	15	0	15	1450	1492.0	1530	0.0	True	1.0	0.0	2.70805020110221	0	0	False	False
mock-19	1	mock-19	27	27	15	9	5	27	27	0	27	1450	1510.0	1554	0.0	False	9.0	0.36543209876543226	2.3580517311707907	0	0	False	False
mock-20	1	mock-20	20	20	20	1	0	59	20	39	59	1445	1510.0	1579	3.3374866500534e-05	True	1.0	0.0	2.995732273553991	0	0	True	False
mock-22	1	mock-22	20	20	20	1	0	59	20	39	59	1445	1510.0	1579	3.3374866500534e-05	True	1.0	0.0	2.995732273553991	0	0	True	False
mock-23	1	mock-23	20	20	20	1	0	59	20	39	59	1445	1510.0	1579	3.3374866500534e-05	False	999.9997735760513	0.735870755481413	1.8387123890151096	0	0	True	False
mock-4	4	HMPMockV1.1.Even1,HMPMockV1.1.Even2,HMPMockV1.2.Staggered1,HMPMockV1.2.Staggered2	21	21	21	1	0	61	21	40	61	1445	1510.0	1579	3.230704616676897e-05	False	500.4992335427219	0.36655948384285697	2.4736985038358013	0	0	True	False
mock-5	4	HMPMockV1.1.Even1,HMPMockV1.1.Even2,HMPMockV1.2.Staggered1,HMPMockV1.2.Staggered2	21	21	21	1	0	61	21	40	61	1445	1510.0	1579	3.230704616676897e-05	False	500.4992335427219	0.36655948384285697	2.4736985038358013	0	0	True	False
mock-ZIEL_1	2	SRR13005984,SRR13005985	13	13	13	1	0	13	13	0	13	1206	1444.0	1519	0.00016365719273362064	False	4.733333333333333	0.2864402864402864	2.434423230974308	0	0	False	False
mock-ZIEL_2	3	SRR13005964,SRR13005965,SRR13005966	19	19	19	1	0	19	19	0	19	1305	1473.0	1530	0.0003952569169960474	False	8.0	0.23292496976707522	2.8531308482606303	0	0	False	False
mock-ZYMO	3	SRR13006004,SRR13006002,SRR13006003	8	8	8	1	0	8	8	0	8	1489	1549.5	1561	0.0	False	958983.2742371187	0.860630639025	0.2050335486596134	8	8	False	False
