community_id	community_path	expected_taxonomy	expected_sequences	ASV_table	ASV_seqs	zOTU_table	zOTU_seqs	OTU_table	OTU_seqs	TIC_table	TIC_seqs	TAC_table	TAC_seqs
mock-12	/media/adminuser/MSD-Storage/Mohsen/TACTIC_Benchmark/Mocks/Benchmark_git/All_Analyses/mocks/cleaned_up_202605/mock-12	/media/adminuser/MSD-Storage/Mohsen/TACTIC_Benchmark/Mocks/Benchmark_git/All_Analyses/mocks/cleaned_up_202605/mock-12/source/taxonomy.tsv	/media/adminuser/MSD-Storage/Mohsen/TACTIC_Benchmark/Mocks/Benchmark_git/All_Analyses/mocks/cleaned_up_202605/mock-12/source/expected-sequences.v4.fasta	/media/adminuser/MSD-Storage/Mohsen/TACTIC_Benchmark/Mocks/Benchmark_git/All_Analyses/mocks/cleaned_up_202605/mock-12/dada2_results/dada2_out/ASV_counts.tsv	/media/adminuser/MSD-Storage/Mohsen/TACTIC_Benchmark/Mocks/Benchmark_git/All_Analyses/mocks/cleaned_up_202605/mock-12/dada2_results/dada2_out/ASVs.fasta	/media/adminuser/MSD-Storage/Mohsen/TACTIC_Benchmark/Mocks/Benchmark_git/All_Analyses/mocks/cleaned_up_202605/mock-12/trimmed_fastq/Analysis_20260511_180811__mock-12_am-ZOTU_TIC_TAC_OTU_ms-z8-o8_al-0.0_fwd-0_rev-0/ZOTU_Pipeline/ZOTUs-Table.tab	/media/adminuser/MSD-Storage/Mohsen/TACTIC_Benchmark/Mocks/Benchmark_git/All_Analyses/mocks/cleaned_up_202605/mock-12/trimmed_fastq/Analysis_20260511_180811__mock-12_am-ZOTU_TIC_TAC_OTU_ms-z8-o8_al-0.0_fwd-0_rev-0/ZOTU_Pipeline/ZOTUs-Seqs.fasta	/media/adminuser/MSD-Storage/Mohsen/TACTIC_Benchmark/Mocks/Benchmark_git/All_Analyses/mocks/cleaned_up_202605/mock-12/trimmed_fastq/Analysis_20260511_180811__mock-12_am-ZOTU_TIC_TAC_OTU_ms-z8-o8_al-0.0_fwd-0_rev-0/OTU_Pipeline/OTUs-Table.tab	/media/adminuser/MSD-Storage/Mohsen/TACTIC_Benchmark/Mocks/Benchmark_git/All_Analyses/mocks/cleaned_up_202605/mock-12/trimmed_fastq/Analysis_20260511_180811__mock-12_am-ZOTU_TIC_TAC_OTU_ms-z8-o8_al-0.0_fwd-0_rev-0/OTU_Pipeline/OTUs-Seqs.fasta	/media/adminuser/MSD-Storage/Mohsen/TACTIC_Benchmark/Mocks/Benchmark_git/All_Analyses/mocks/cleaned_up_202605/mock-12/trimmed_fastq/Analysis_20260511_180811__mock-12_am-ZOTU_TIC_TAC_OTU_ms-z8-o8_al-0.0_fwd-0_rev-0/TIC_Pipeline/SOTUs-Table-TIC.tab	/media/adminuser/MSD-Storage/Mohsen/TACTIC_Benchmark/Mocks/Benchmark_git/All_Analyses/mocks/cleaned_up_202605/mock-12/trimmed_fastq/Analysis_20260511_180811__mock-12_am-ZOTU_TIC_TAC_OTU_ms-z8-o8_al-0.0_fwd-0_rev-0/TIC_Pipeline/SOTUs-Seqs-TIC.fasta	/media/adminuser/MSD-Storage/Mohsen/TACTIC_Benchmark/Mocks/Benchmark_git/All_Analyses/mocks/cleaned_up_202605/mock-12/trimmed_fastq/Analysis_20260511_180811__mock-12_am-ZOTU_TIC_TAC_OTU_ms-z8-o8_al-0.0_fwd-0_rev-0/TAC_Pipeline/OTUs-Table-TAC.tab	/media/adminuser/MSD-Storage/Mohsen/TACTIC_Benchmark/Mocks/Benchmark_git/All_Analyses/mocks/cleaned_up_202605/mock-12/trimmed_fastq/Analysis_20260511_180811__mock-12_am-ZOTU_TIC_TAC_OTU_ms-z8-o8_al-0.0_fwd-0_rev-0/TAC_Pipeline/OTUs-Seqs-TAC.fasta
mock-13	/media/adminuser/MSD-Storage/Mohsen/TACTIC_Benchmark/Mocks/Benchmark_git/All_Analyses/mocks/cleaned_up_202605/mock-13	/media/adminuser/MSD-Storage/Mohsen/TACTIC_Benchmark/Mocks/Benchmark_git/All_Analyses/mocks/cleaned_up_202605/mock-13/source/taxonomy.tsv	/media/adminuser/MSD-Storage/Mohsen/TACTIC_Benchmark/Mocks/Benchmark_git/All_Analyses/mocks/cleaned_up_202605/mock-13/source/expected-sequences.v4.fasta	/media/adminuser/MSD-Storage/Mohsen/TACTIC_Benchmark/Mocks/Benchmark_git/All_Analyses/mocks/cleaned_up_202605/mock-13/dada2_results/dada2_out/ASV_counts.tsv	/media/adminuser/MSD-Storage/Mohsen/TACTIC_Benchmark/Mocks/Benchmark_git/All_Analyses/mocks/cleaned_up_202605/mock-13/dada2_results/dada2_out/ASVs.fasta	/media/adminuser/MSD-Storage/Mohsen/TACTIC_Benchmark/Mocks/Benchmark_git/All_Analyses/mocks/cleaned_up_202605/mock-13/trimmed_fastq/Analysis_20260511_181936__mock-13_am-ZOTU_TIC_TAC_OTU_ms-z8-o8_al-0.0_fwd-0_rev-0/ZOTU_Pipeline/ZOTUs-Table.tab	/media/adminuser/MSD-Storage/Mohsen/TACTIC_Benchmark/Mocks/Benchmark_git/All_Analyses/mocks/cleaned_up_202605/mock-13/trimmed_fastq/Analysis_20260511_181936__mock-13_am-ZOTU_TIC_TAC_OTU_ms-z8-o8_al-0.0_fwd-0_rev-0/ZOTU_Pipeline/ZOTUs-Seqs.fasta	/media/adminuser/MSD-Storage/Mohsen/TACTIC_Benchmark/Mocks/Benchmark_git/All_Analyses/mocks/cleaned_up_202605/mock-13/trimmed_fastq/Analysis_20260511_181936__mock-13_am-ZOTU_TIC_TAC_OTU_ms-z8-o8_al-0.0_fwd-0_rev-0/OTU_Pipeline/OTUs-Table.tab	/media/adminuser/MSD-Storage/Mohsen/TACTIC_Benchmark/Mocks/Benchmark_git/All_Analyses/mocks/cleaned_up_202605/mock-13/trimmed_fastq/Analysis_20260511_181936__mock-13_am-ZOTU_TIC_TAC_OTU_ms-z8-o8_al-0.0_fwd-0_rev-0/OTU_Pipeline/OTUs-Seqs.fasta	/media/adminuser/MSD-Storage/Mohsen/TACTIC_Benchmark/Mocks/Benchmark_git/All_Analyses/mocks/cleaned_up_202605/mock-13/trimmed_fastq/Analysis_20260511_181936__mock-13_am-ZOTU_TIC_TAC_OTU_ms-z8-o8_al-0.0_fwd-0_rev-0/TIC_Pipeline/SOTUs-Table-TIC.tab	/media/adminuser/MSD-Storage/Mohsen/TACTIC_Benchmark/Mocks/Benchmark_git/All_Analyses/mocks/cleaned_up_202605/mock-13/trimmed_fastq/Analysis_20260511_181936__mock-13_am-ZOTU_TIC_TAC_OTU_ms-z8-o8_al-0.0_fwd-0_rev-0/TIC_Pipeline/SOTUs-Seqs-TIC.fasta	/media/adminuser/MSD-Storage/Mohsen/TACTIC_Benchmark/Mocks/Benchmark_git/All_Analyses/mocks/cleaned_up_202605/mock-13/trimmed_fastq/Analysis_20260511_181936__mock-13_am-ZOTU_TIC_TAC_OTU_ms-z8-o8_al-0.0_fwd-0_rev-0/TAC_Pipeline/OTUs-Table-TAC.tab	/media/adminuser/MSD-Storage/Mohsen/TACTIC_Benchmark/Mocks/Benchmark_git/All_Analyses/mocks/cleaned_up_202605/mock-13/trimmed_fastq/Analysis_20260511_181936__mock-13_am-ZOTU_TIC_TAC_OTU_ms-z8-o8_al-0.0_fwd-0_rev-0/TAC_Pipeline/OTUs-Seqs-TAC.fasta
mock-14	/media/adminuser/MSD-Storage/Mohsen/TACTIC_Benchmark/Mocks/Benchmark_git/All_Analyses/mocks/cleaned_up_202605/mock-14	/media/adminuser/MSD-Storage/Mohsen/TACTIC_Benchmark/Mocks/Benchmark_git/All_Analyses/mocks/cleaned_up_202605/mock-14/source/taxonomy.tsv	/media/adminuser/MSD-Storage/Mohsen/TACTIC_Benchmark/Mocks/Benchmark_git/All_Analyses/mocks/cleaned_up_202605/mock-14/source/expected-sequences.v4.fasta	/media/adminuser/MSD-Storage/Mohsen/TACTIC_Benchmark/Mocks/Benchmark_git/All_Analyses/mocks/cleaned_up_202605/mock-14/dada2_results/dada2_out/ASV_counts.tsv	/media/adminuser/MSD-Storage/Mohsen/TACTIC_Benchmark/Mocks/Benchmark_git/All_Analyses/mocks/cleaned_up_202605/mock-14/dada2_results/dada2_out/ASVs.fasta	/media/adminuser/MSD-Storage/Mohsen/TACTIC_Benchmark/Mocks/Benchmark_git/All_Analyses/mocks/cleaned_up_202605/mock-14/trimmed_fastq/Analysis_20260511_183037__mock-14_am-ZOTU_TIC_TAC_OTU_ms-z8-o8_al-0.0_fwd-0_rev-0/ZOTU_Pipeline/ZOTUs-Table.tab	/media/adminuser/MSD-Storage/Mohsen/TACTIC_Benchmark/Mocks/Benchmark_git/All_Analyses/mocks/cleaned_up_202605/mock-14/trimmed_fastq/Analysis_20260511_183037__mock-14_am-ZOTU_TIC_TAC_OTU_ms-z8-o8_al-0.0_fwd-0_rev-0/ZOTU_Pipeline/ZOTUs-Seqs.fasta	/media/adminuser/MSD-Storage/Mohsen/TACTIC_Benchmark/Mocks/Benchmark_git/All_Analyses/mocks/cleaned_up_202605/mock-14/trimmed_fastq/Analysis_20260511_183037__mock-14_am-ZOTU_TIC_TAC_OTU_ms-z8-o8_al-0.0_fwd-0_rev-0/OTU_Pipeline/OTUs-Table.tab	/media/adminuser/MSD-Storage/Mohsen/TACTIC_Benchmark/Mocks/Benchmark_git/All_Analyses/mocks/cleaned_up_202605/mock-14/trimmed_fastq/Analysis_20260511_183037__mock-14_am-ZOTU_TIC_TAC_OTU_ms-z8-o8_al-0.0_fwd-0_rev-0/OTU_Pipeline/OTUs-Seqs.fasta	/media/adminuser/MSD-Storage/Mohsen/TACTIC_Benchmark/Mocks/Benchmark_git/All_Analyses/mocks/cleaned_up_202605/mock-14/trimmed_fastq/Analysis_20260511_183037__mock-14_am-ZOTU_TIC_TAC_OTU_ms-z8-o8_al-0.0_fwd-0_rev-0/TIC_Pipeline/SOTUs-Table-TIC.tab	/media/adminuser/MSD-Storage/Mohsen/TACTIC_Benchmark/Mocks/Benchmark_git/All_Analyses/mocks/cleaned_up_202605/mock-14/trimmed_fastq/Analysis_20260511_183037__mock-14_am-ZOTU_TIC_TAC_OTU_ms-z8-o8_al-0.0_fwd-0_rev-0/TIC_Pipeline/SOTUs-Seqs-TIC.fasta	/media/adminuser/MSD-Storage/Mohsen/TACTIC_Benchmark/Mocks/Benchmark_git/All_Analyses/mocks/cleaned_up_202605/mock-14/trimmed_fastq/Analysis_20260511_183037__mock-14_am-ZOTU_TIC_TAC_OTU_ms-z8-o8_al-0.0_fwd-0_rev-0/TAC_Pipeline/OTUs-Table-TAC.tab	/media/adminuser/MSD-Storage/Mohsen/TACTIC_Benchmark/Mocks/Benchmark_git/All_Analyses/mocks/cleaned_up_202605/mock-14/trimmed_fastq/Analysis_20260511_183037__mock-14_am-ZOTU_TIC_TAC_OTU_ms-z8-o8_al-0.0_fwd-0_rev-0/TAC_Pipeline/OTUs-Seqs-TAC.fasta
mock-15	/media/adminuser/MSD-Storage/Mohsen/TACTIC_Benchmark/Mocks/Benchmark_git/All_Analyses/mocks/cleaned_up_202605/mock-15	/media/adminuser/MSD-Storage/Mohsen/TACTIC_Benchmark/Mocks/Benchmark_git/All_Analyses/mocks/cleaned_up_202605/mock-15/source/taxonomy.tsv	/media/adminuser/MSD-Storage/Mohsen/TACTIC_Benchmark/Mocks/Benchmark_git/All_Analyses/mocks/cleaned_up_202605/mock-15/source/expected-sequences.v4.fasta	/media/adminuser/MSD-Storage/Mohsen/TACTIC_Benchmark/Mocks/Benchmark_git/All_Analyses/mocks/cleaned_up_202605/mock-15/dada2_results/dada2_out/ASV_counts.tsv	/media/adminuser/MSD-Storage/Mohsen/TACTIC_Benchmark/Mocks/Benchmark_git/All_Analyses/mocks/cleaned_up_202605/mock-15/dada2_results/dada2_out/ASVs.fasta	/media/adminuser/MSD-Storage/Mohsen/TACTIC_Benchmark/Mocks/Benchmark_git/All_Analyses/mocks/cleaned_up_202605/mock-15/trimmed_fastq/Analysis_20260511_184423__mock-15_am-ZOTU_TIC_TAC_OTU_ms-z8-o8_al-0.0_fwd-0_rev-0/ZOTU_Pipeline/ZOTUs-Table.tab	/media/adminuser/MSD-Storage/Mohsen/TACTIC_Benchmark/Mocks/Benchmark_git/All_Analyses/mocks/cleaned_up_202605/mock-15/trimmed_fastq/Analysis_20260511_184423__mock-15_am-ZOTU_TIC_TAC_OTU_ms-z8-o8_al-0.0_fwd-0_rev-0/ZOTU_Pipeline/ZOTUs-Seqs.fasta	/media/adminuser/MSD-Storage/Mohsen/TACTIC_Benchmark/Mocks/Benchmark_git/All_Analyses/mocks/cleaned_up_202605/mock-15/trimmed_fastq/Analysis_20260511_184423__mock-15_am-ZOTU_TIC_TAC_OTU_ms-z8-o8_al-0.0_fwd-0_rev-0/OTU_Pipeline/OTUs-Table.tab	/media/adminuser/MSD-Storage/Mohsen/TACTIC_Benchmark/Mocks/Benchmark_git/All_Analyses/mocks/cleaned_up_202605/mock-15/trimmed_fastq/Analysis_20260511_184423__mock-15_am-ZOTU_TIC_TAC_OTU_ms-z8-o8_al-0.0_fwd-0_rev-0/OTU_Pipeline/OTUs-Seqs.fasta	/media/adminuser/MSD-Storage/Mohsen/TACTIC_Benchmark/Mocks/Benchmark_git/All_Analyses/mocks/cleaned_up_202605/mock-15/trimmed_fastq/Analysis_20260511_184423__mock-15_am-ZOTU_TIC_TAC_OTU_ms-z8-o8_al-0.0_fwd-0_rev-0/TIC_Pipeline/SOTUs-Table-TIC.tab	/media/adminuser/MSD-Storage/Mohsen/TACTIC_Benchmark/Mocks/Benchmark_git/All_Analyses/mocks/cleaned_up_202605/mock-15/trimmed_fastq/Analysis_20260511_184423__mock-15_am-ZOTU_TIC_TAC_OTU_ms-z8-o8_al-0.0_fwd-0_rev-0/TIC_Pipeline/SOTUs-Seqs-TIC.fasta	/media/adminuser/MSD-Storage/Mohsen/TACTIC_Benchmark/Mocks/Benchmark_git/All_Analyses/mocks/cleaned_up_202605/mock-15/trimmed_fastq/Analysis_20260511_184423__mock-15_am-ZOTU_TIC_TAC_OTU_ms-z8-o8_al-0.0_fwd-0_rev-0/TAC_Pipeline/OTUs-Table-TAC.tab	/media/adminuser/MSD-Storage/Mohsen/TACTIC_Benchmark/Mocks/Benchmark_git/All_Analyses/mocks/cleaned_up_202605/mock-15/trimmed_fastq/Analysis_20260511_184423__mock-15_am-ZOTU_TIC_TAC_OTU_ms-z8-o8_al-0.0_fwd-0_rev-0/TAC_Pipeline/OTUs-Seqs-TAC.fasta
mock-16	/media/adminuser/MSD-Storage/Mohsen/TACTIC_Benchmark/Mocks/Benchmark_git/All_Analyses/mocks/cleaned_up_202605/mock-16	/media/adminuser/MSD-Storage/Mohsen/TACTIC_Benchmark/Mocks/Benchmark_git/All_Analyses/mocks/cleaned_up_202605/mock-16/source/taxonomy.tsv	/media/adminuser/MSD-Storage/Mohsen/TACTIC_Benchmark/Mocks/Benchmark_git/All_Analyses/mocks/cleaned_up_202605/mock-16/source/expected-sequences.v4.fasta	/media/adminuser/MSD-Storage/Mohsen/TACTIC_Benchmark/Mocks/Benchmark_git/All_Analyses/mocks/cleaned_up_202605/mock-16/dada2_results/dada2_out/ASV_counts.tsv	/media/adminuser/MSD-Storage/Mohsen/TACTIC_Benchmark/Mocks/Benchmark_git/All_Analyses/mocks/cleaned_up_202605/mock-16/dada2_results/dada2_out/ASVs.fasta	/media/adminuser/MSD-Storage/Mohsen/TACTIC_Benchmark/Mocks/Benchmark_git/All_Analyses/mocks/cleaned_up_202605/mock-16/trimmed_fastq/Analysis_20260511_185609__mock-16_am-ZOTU_TIC_TAC_OTU_ms-z8-o8_al-0.0_fwd-0_rev-0/ZOTU_Pipeline/ZOTUs-Table.tab	/media/adminuser/MSD-Storage/Mohsen/TACTIC_Benchmark/Mocks/Benchmark_git/All_Analyses/mocks/cleaned_up_202605/mock-16/trimmed_fastq/Analysis_20260511_185609__mock-16_am-ZOTU_TIC_TAC_OTU_ms-z8-o8_al-0.0_fwd-0_rev-0/ZOTU_Pipeline/ZOTUs-Seqs.fasta	/media/adminuser/MSD-Storage/Mohsen/TACTIC_Benchmark/Mocks/Benchmark_git/All_Analyses/mocks/cleaned_up_202605/mock-16/trimmed_fastq/Analysis_20260511_185609__mock-16_am-ZOTU_TIC_TAC_OTU_ms-z8-o8_al-0.0_fwd-0_rev-0/OTU_Pipeline/OTUs-Table.tab	/media/adminuser/MSD-Storage/Mohsen/TACTIC_Benchmark/Mocks/Benchmark_git/All_Analyses/mocks/cleaned_up_202605/mock-16/trimmed_fastq/Analysis_20260511_185609__mock-16_am-ZOTU_TIC_TAC_OTU_ms-z8-o8_al-0.0_fwd-0_rev-0/OTU_Pipeline/OTUs-Seqs.fasta	/media/adminuser/MSD-Storage/Mohsen/TACTIC_Benchmark/Mocks/Benchmark_git/All_Analyses/mocks/cleaned_up_202605/mock-16/trimmed_fastq/Analysis_20260511_185609__mock-16_am-ZOTU_TIC_TAC_OTU_ms-z8-o8_al-0.0_fwd-0_rev-0/TIC_Pipeline/SOTUs-Table-TIC.tab	/media/adminuser/MSD-Storage/Mohsen/TACTIC_Benchmark/Mocks/Benchmark_git/All_Analyses/mocks/cleaned_up_202605/mock-16/trimmed_fastq/Analysis_20260511_185609__mock-16_am-ZOTU_TIC_TAC_OTU_ms-z8-o8_al-0.0_fwd-0_rev-0/TIC_Pipeline/SOTUs-Seqs-TIC.fasta	/media/adminuser/MSD-Storage/Mohsen/TACTIC_Benchmark/Mocks/Benchmark_git/All_Analyses/mocks/cleaned_up_202605/mock-16/trimmed_fastq/Analysis_20260511_185609__mock-16_am-ZOTU_TIC_TAC_OTU_ms-z8-o8_al-0.0_fwd-0_rev-0/TAC_Pipeline/OTUs-Table-TAC.tab	/media/adminuser/MSD-Storage/Mohsen/TACTIC_Benchmark/Mocks/Benchmark_git/All_Analyses/mocks/cleaned_up_202605/mock-16/trimmed_fastq/Analysis_20260511_185609__mock-16_am-ZOTU_TIC_TAC_OTU_ms-z8-o8_al-0.0_fwd-0_rev-0/TAC_Pipeline/OTUs-Seqs-TAC.fasta
mock-18	/media/adminuser/MSD-Storage/Mohsen/TACTIC_Benchmark/Mocks/Benchmark_git/All_Analyses/mocks/cleaned_up_202605/mock-18	/media/adminuser/MSD-Storage/Mohsen/TACTIC_Benchmark/Mocks/Benchmark_git/All_Analyses/mocks/cleaned_up_202605/mock-18/source/taxonomy.tsv	/media/adminuser/MSD-Storage/Mohsen/TACTIC_Benchmark/Mocks/Benchmark_git/All_Analyses/mocks/cleaned_up_202605/mock-18/source/expected-sequences.v4.fasta	/media/adminuser/MSD-Storage/Mohsen/TACTIC_Benchmark/Mocks/Benchmark_git/All_Analyses/mocks/cleaned_up_202605/mock-18/dada2_results/dada2_out/ASV_counts.tsv	/media/adminuser/MSD-Storage/Mohsen/TACTIC_Benchmark/Mocks/Benchmark_git/All_Analyses/mocks/cleaned_up_202605/mock-18/dada2_results/dada2_out/ASVs.fasta	/media/adminuser/MSD-Storage/Mohsen/TACTIC_Benchmark/Mocks/Benchmark_git/All_Analyses/mocks/cleaned_up_202605/mock-18/trimmed_fastq/Analysis_20260515_110210__mock-18_am-ZOTU_TIC_TAC_OTU_ms-z8-o8_al-0.0_fwd-0_rev-0/ZOTU_Pipeline/ZOTUs-Table.tab	/media/adminuser/MSD-Storage/Mohsen/TACTIC_Benchmark/Mocks/Benchmark_git/All_Analyses/mocks/cleaned_up_202605/mock-18/trimmed_fastq/Analysis_20260515_110210__mock-18_am-ZOTU_TIC_TAC_OTU_ms-z8-o8_al-0.0_fwd-0_rev-0/ZOTU_Pipeline/ZOTUs-Seqs.fasta	/media/adminuser/MSD-Storage/Mohsen/TACTIC_Benchmark/Mocks/Benchmark_git/All_Analyses/mocks/cleaned_up_202605/mock-18/trimmed_fastq/Analysis_20260515_110210__mock-18_am-ZOTU_TIC_TAC_OTU_ms-z8-o8_al-0.0_fwd-0_rev-0/OTU_Pipeline/OTUs-Table.tab	/media/adminuser/MSD-Storage/Mohsen/TACTIC_Benchmark/Mocks/Benchmark_git/All_Analyses/mocks/cleaned_up_202605/mock-18/trimmed_fastq/Analysis_20260515_110210__mock-18_am-ZOTU_TIC_TAC_OTU_ms-z8-o8_al-0.0_fwd-0_rev-0/OTU_Pipeline/OTUs-Seqs.fasta	/media/adminuser/MSD-Storage/Mohsen/TACTIC_Benchmark/Mocks/Benchmark_git/All_Analyses/mocks/cleaned_up_202605/mock-18/trimmed_fastq/Analysis_20260515_110210__mock-18_am-ZOTU_TIC_TAC_OTU_ms-z8-o8_al-0.0_fwd-0_rev-0/TIC_Pipeline/SOTUs-Table-TIC.tab	/media/adminuser/MSD-Storage/Mohsen/TACTIC_Benchmark/Mocks/Benchmark_git/All_Analyses/mocks/cleaned_up_202605/mock-18/trimmed_fastq/Analysis_20260515_110210__mock-18_am-ZOTU_TIC_TAC_OTU_ms-z8-o8_al-0.0_fwd-0_rev-0/TIC_Pipeline/SOTUs-Seqs-TIC.fasta	/media/adminuser/MSD-Storage/Mohsen/TACTIC_Benchmark/Mocks/Benchmark_git/All_Analyses/mocks/cleaned_up_202605/mock-18/trimmed_fastq/Analysis_20260515_110210__mock-18_am-ZOTU_TIC_TAC_OTU_ms-z8-o8_al-0.0_fwd-0_rev-0/TAC_Pipeline/OTUs-Table-TAC.tab	/media/adminuser/MSD-Storage/Mohsen/TACTIC_Benchmark/Mocks/Benchmark_git/All_Analyses/mocks/cleaned_up_202605/mock-18/trimmed_fastq/Analysis_20260515_110210__mock-18_am-ZOTU_TIC_TAC_OTU_ms-z8-o8_al-0.0_fwd-0_rev-0/TAC_Pipeline/OTUs-Seqs-TAC.fasta
mock-19	/media/adminuser/MSD-Storage/Mohsen/TACTIC_Benchmark/Mocks/Benchmark_git/All_Analyses/mocks/cleaned_up_202605/mock-19	/media/adminuser/MSD-Storage/Mohsen/TACTIC_Benchmark/Mocks/Benchmark_git/All_Analyses/mocks/cleaned_up_202605/mock-19/source/taxonomy.tsv	/media/adminuser/MSD-Storage/Mohsen/TACTIC_Benchmark/Mocks/Benchmark_git/All_Analyses/mocks/cleaned_up_202605/mock-19/source/expected-sequences.v4.fasta	/media/adminuser/MSD-Storage/Mohsen/TACTIC_Benchmark/Mocks/Benchmark_git/All_Analyses/mocks/cleaned_up_202605/mock-19/dada2_results/dada2_out/ASV_counts.tsv	/media/adminuser/MSD-Storage/Mohsen/TACTIC_Benchmark/Mocks/Benchmark_git/All_Analyses/mocks/cleaned_up_202605/mock-19/dada2_results/dada2_out/ASVs.fasta	/media/adminuser/MSD-Storage/Mohsen/TACTIC_Benchmark/Mocks/Benchmark_git/All_Analyses/mocks/cleaned_up_202605/mock-19/trimmed_fastq/Analysis_20260515_111207__mock-19_am-ZOTU_TIC_TAC_OTU_ms-z8-o8_al-0.0_fwd-0_rev-0/ZOTU_Pipeline/ZOTUs-Table.tab	/media/adminuser/MSD-Storage/Mohsen/TACTIC_Benchmark/Mocks/Benchmark_git/All_Analyses/mocks/cleaned_up_202605/mock-19/trimmed_fastq/Analysis_20260515_111207__mock-19_am-ZOTU_TIC_TAC_OTU_ms-z8-o8_al-0.0_fwd-0_rev-0/ZOTU_Pipeline/ZOTUs-Seqs.fasta	/media/adminuser/MSD-Storage/Mohsen/TACTIC_Benchmark/Mocks/Benchmark_git/All_Analyses/mocks/cleaned_up_202605/mock-19/trimmed_fastq/Analysis_20260515_111207__mock-19_am-ZOTU_TIC_TAC_OTU_ms-z8-o8_al-0.0_fwd-0_rev-0/OTU_Pipeline/OTUs-Table.tab	/media/adminuser/MSD-Storage/Mohsen/TACTIC_Benchmark/Mocks/Benchmark_git/All_Analyses/mocks/cleaned_up_202605/mock-19/trimmed_fastq/Analysis_20260515_111207__mock-19_am-ZOTU_TIC_TAC_OTU_ms-z8-o8_al-0.0_fwd-0_rev-0/OTU_Pipeline/OTUs-Seqs.fasta	/media/adminuser/MSD-Storage/Mohsen/TACTIC_Benchmark/Mocks/Benchmark_git/All_Analyses/mocks/cleaned_up_202605/mock-19/trimmed_fastq/Analysis_20260515_111207__mock-19_am-ZOTU_TIC_TAC_OTU_ms-z8-o8_al-0.0_fwd-0_rev-0/TIC_Pipeline/SOTUs-Table-TIC.tab	/media/adminuser/MSD-Storage/Mohsen/TACTIC_Benchmark/Mocks/Benchmark_git/All_Analyses/mocks/cleaned_up_202605/mock-19/trimmed_fastq/Analysis_20260515_111207__mock-19_am-ZOTU_TIC_TAC_OTU_ms-z8-o8_al-0.0_fwd-0_rev-0/TIC_Pipeline/SOTUs-Seqs-TIC.fasta	/media/adminuser/MSD-Storage/Mohsen/TACTIC_Benchmark/Mocks/Benchmark_git/All_Analyses/mocks/cleaned_up_202605/mock-19/trimmed_fastq/Analysis_20260515_111207__mock-19_am-ZOTU_TIC_TAC_OTU_ms-z8-o8_al-0.0_fwd-0_rev-0/TAC_Pipeline/OTUs-Table-TAC.tab	/media/adminuser/MSD-Storage/Mohsen/TACTIC_Benchmark/Mocks/Benchmark_git/All_Analyses/mocks/cleaned_up_202605/mock-19/trimmed_fastq/Analysis_20260515_111207__mock-19_am-ZOTU_TIC_TAC_OTU_ms-z8-o8_al-0.0_fwd-0_rev-0/TAC_Pipeline/OTUs-Seqs-TAC.fasta
mock-20	/media/adminuser/MSD-Storage/Mohsen/TACTIC_Benchmark/Mocks/Benchmark_git/All_Analyses/mocks/cleaned_up_202605/mock-20	/media/adminuser/MSD-Storage/Mohsen/TACTIC_Benchmark/Mocks/Benchmark_git/All_Analyses/mocks/cleaned_up_202605/mock-20/source/taxonomy.tsv	/media/adminuser/MSD-Storage/Mohsen/TACTIC_Benchmark/Mocks/Benchmark_git/All_Analyses/mocks/cleaned_up_202605/mock-20/source/expected-sequences.v4.fasta	/media/adminuser/MSD-Storage/Mohsen/TACTIC_Benchmark/Mocks/Benchmark_git/All_Analyses/mocks/cleaned_up_202605/mock-20/dada2_results/dada2_out/ASV_counts.tsv	/media/adminuser/MSD-Storage/Mohsen/TACTIC_Benchmark/Mocks/Benchmark_git/All_Analyses/mocks/cleaned_up_202605/mock-20/dada2_results/dada2_out/ASVs.fasta	/media/adminuser/MSD-Storage/Mohsen/TACTIC_Benchmark/Mocks/Benchmark_git/All_Analyses/mocks/cleaned_up_202605/mock-20/trimmed_fastq/Analysis_20260511_190603__mock-20_am-ZOTU_TIC_TAC_OTU_ms-z8-o8_al-0.0_fwd-0_rev-0/ZOTU_Pipeline/ZOTUs-Table.tab	/media/adminuser/MSD-Storage/Mohsen/TACTIC_Benchmark/Mocks/Benchmark_git/All_Analyses/mocks/cleaned_up_202605/mock-20/trimmed_fastq/Analysis_20260511_190603__mock-20_am-ZOTU_TIC_TAC_OTU_ms-z8-o8_al-0.0_fwd-0_rev-0/ZOTU_Pipeline/ZOTUs-Seqs.fasta	/media/adminuser/MSD-Storage/Mohsen/TACTIC_Benchmark/Mocks/Benchmark_git/All_Analyses/mocks/cleaned_up_202605/mock-20/trimmed_fastq/Analysis_20260511_190603__mock-20_am-ZOTU_TIC_TAC_OTU_ms-z8-o8_al-0.0_fwd-0_rev-0/OTU_Pipeline/OTUs-Table.tab	/media/adminuser/MSD-Storage/Mohsen/TACTIC_Benchmark/Mocks/Benchmark_git/All_Analyses/mocks/cleaned_up_202605/mock-20/trimmed_fastq/Analysis_20260511_190603__mock-20_am-ZOTU_TIC_TAC_OTU_ms-z8-o8_al-0.0_fwd-0_rev-0/OTU_Pipeline/OTUs-Seqs.fasta	/media/adminuser/MSD-Storage/Mohsen/TACTIC_Benchmark/Mocks/Benchmark_git/All_Analyses/mocks/cleaned_up_202605/mock-20/trimmed_fastq/Analysis_20260511_190603__mock-20_am-ZOTU_TIC_TAC_OTU_ms-z8-o8_al-0.0_fwd-0_rev-0/TIC_Pipeline/SOTUs-Table-TIC.tab	/media/adminuser/MSD-Storage/Mohsen/TACTIC_Benchmark/Mocks/Benchmark_git/All_Analyses/mocks/cleaned_up_202605/mock-20/trimmed_fastq/Analysis_20260511_190603__mock-20_am-ZOTU_TIC_TAC_OTU_ms-z8-o8_al-0.0_fwd-0_rev-0/TIC_Pipeline/SOTUs-Seqs-TIC.fasta	/media/adminuser/MSD-Storage/Mohsen/TACTIC_Benchmark/Mocks/Benchmark_git/All_Analyses/mocks/cleaned_up_202605/mock-20/trimmed_fastq/Analysis_20260511_190603__mock-20_am-ZOTU_TIC_TAC_OTU_ms-z8-o8_al-0.0_fwd-0_rev-0/TAC_Pipeline/OTUs-Table-TAC.tab	/media/adminuser/MSD-Storage/Mohsen/TACTIC_Benchmark/Mocks/Benchmark_git/All_Analyses/mocks/cleaned_up_202605/mock-20/trimmed_fastq/Analysis_20260511_190603__mock-20_am-ZOTU_TIC_TAC_OTU_ms-z8-o8_al-0.0_fwd-0_rev-0/TAC_Pipeline/OTUs-Seqs-TAC.fasta
mock-21	/media/adminuser/MSD-Storage/Mohsen/TACTIC_Benchmark/Mocks/Benchmark_git/All_Analyses/mocks/cleaned_up_202605/mock-21	/media/adminuser/MSD-Storage/Mohsen/TACTIC_Benchmark/Mocks/Benchmark_git/All_Analyses/mocks/cleaned_up_202605/mock-21/source/taxonomy.tsv	/media/adminuser/MSD-Storage/Mohsen/TACTIC_Benchmark/Mocks/Benchmark_git/All_Analyses/mocks/cleaned_up_202605/mock-21/source/expected-sequences.v4.fasta	/media/adminuser/MSD-Storage/Mohsen/TACTIC_Benchmark/Mocks/Benchmark_git/All_Analyses/mocks/cleaned_up_202605/mock-21/dada2_results/dada2_out/ASV_counts.tsv	/media/adminuser/MSD-Storage/Mohsen/TACTIC_Benchmark/Mocks/Benchmark_git/All_Analyses/mocks/cleaned_up_202605/mock-21/dada2_results/dada2_out/ASVs.fasta	/media/adminuser/MSD-Storage/Mohsen/TACTIC_Benchmark/Mocks/Benchmark_git/All_Analyses/mocks/cleaned_up_202605/mock-21/trimmed_fastq/Analysis_20260511_191536__mock-21_am-ZOTU_TIC_TAC_OTU_ms-z8-o8_al-0.0_fwd-0_rev-0/ZOTU_Pipeline/ZOTUs-Table.tab	/media/adminuser/MSD-Storage/Mohsen/TACTIC_Benchmark/Mocks/Benchmark_git/All_Analyses/mocks/cleaned_up_202605/mock-21/trimmed_fastq/Analysis_20260511_191536__mock-21_am-ZOTU_TIC_TAC_OTU_ms-z8-o8_al-0.0_fwd-0_rev-0/ZOTU_Pipeline/ZOTUs-Seqs.fasta	/media/adminuser/MSD-Storage/Mohsen/TACTIC_Benchmark/Mocks/Benchmark_git/All_Analyses/mocks/cleaned_up_202605/mock-21/trimmed_fastq/Analysis_20260511_191536__mock-21_am-ZOTU_TIC_TAC_OTU_ms-z8-o8_al-0.0_fwd-0_rev-0/OTU_Pipeline/OTUs-Table.tab	/media/adminuser/MSD-Storage/Mohsen/TACTIC_Benchmark/Mocks/Benchmark_git/All_Analyses/mocks/cleaned_up_202605/mock-21/trimmed_fastq/Analysis_20260511_191536__mock-21_am-ZOTU_TIC_TAC_OTU_ms-z8-o8_al-0.0_fwd-0_rev-0/OTU_Pipeline/OTUs-Seqs.fasta	/media/adminuser/MSD-Storage/Mohsen/TACTIC_Benchmark/Mocks/Benchmark_git/All_Analyses/mocks/cleaned_up_202605/mock-21/trimmed_fastq/Analysis_20260511_191536__mock-21_am-ZOTU_TIC_TAC_OTU_ms-z8-o8_al-0.0_fwd-0_rev-0/TIC_Pipeline/SOTUs-Table-TIC.tab	/media/adminuser/MSD-Storage/Mohsen/TACTIC_Benchmark/Mocks/Benchmark_git/All_Analyses/mocks/cleaned_up_202605/mock-21/trimmed_fastq/Analysis_20260511_191536__mock-21_am-ZOTU_TIC_TAC_OTU_ms-z8-o8_al-0.0_fwd-0_rev-0/TIC_Pipeline/SOTUs-Seqs-TIC.fasta	/media/adminuser/MSD-Storage/Mohsen/TACTIC_Benchmark/Mocks/Benchmark_git/All_Analyses/mocks/cleaned_up_202605/mock-21/trimmed_fastq/Analysis_20260511_191536__mock-21_am-ZOTU_TIC_TAC_OTU_ms-z8-o8_al-0.0_fwd-0_rev-0/TAC_Pipeline/OTUs-Table-TAC.tab	/media/adminuser/MSD-Storage/Mohsen/TACTIC_Benchmark/Mocks/Benchmark_git/All_Analyses/mocks/cleaned_up_202605/mock-21/trimmed_fastq/Analysis_20260511_191536__mock-21_am-ZOTU_TIC_TAC_OTU_ms-z8-o8_al-0.0_fwd-0_rev-0/TAC_Pipeline/OTUs-Seqs-TAC.fasta
mock-22	/media/adminuser/MSD-Storage/Mohsen/TACTIC_Benchmark/Mocks/Benchmark_git/All_Analyses/mocks/cleaned_up_202605/mock-22	/media/adminuser/MSD-Storage/Mohsen/TACTIC_Benchmark/Mocks/Benchmark_git/All_Analyses/mocks/cleaned_up_202605/mock-22/source/taxonomy.tsv	/media/adminuser/MSD-Storage/Mohsen/TACTIC_Benchmark/Mocks/Benchmark_git/All_Analyses/mocks/cleaned_up_202605/mock-22/source/expected-sequences.v4.fasta	/media/adminuser/MSD-Storage/Mohsen/TACTIC_Benchmark/Mocks/Benchmark_git/All_Analyses/mocks/cleaned_up_202605/mock-22/dada2_results/dada2_out/ASV_counts.tsv	/media/adminuser/MSD-Storage/Mohsen/TACTIC_Benchmark/Mocks/Benchmark_git/All_Analyses/mocks/cleaned_up_202605/mock-22/dada2_results/dada2_out/ASVs.fasta	/media/adminuser/MSD-Storage/Mohsen/TACTIC_Benchmark/Mocks/Benchmark_git/All_Analyses/mocks/cleaned_up_202605/mock-22/trimmed_fastq/Analysis_20260511_192624__mock-22_am-ZOTU_TIC_TAC_OTU_ms-z8-o8_al-0.0_fwd-0_rev-0/ZOTU_Pipeline/ZOTUs-Table.tab	/media/adminuser/MSD-Storage/Mohsen/TACTIC_Benchmark/Mocks/Benchmark_git/All_Analyses/mocks/cleaned_up_202605/mock-22/trimmed_fastq/Analysis_20260511_192624__mock-22_am-ZOTU_TIC_TAC_OTU_ms-z8-o8_al-0.0_fwd-0_rev-0/ZOTU_Pipeline/ZOTUs-Seqs.fasta	/media/adminuser/MSD-Storage/Mohsen/TACTIC_Benchmark/Mocks/Benchmark_git/All_Analyses/mocks/cleaned_up_202605/mock-22/trimmed_fastq/Analysis_20260511_192624__mock-22_am-ZOTU_TIC_TAC_OTU_ms-z8-o8_al-0.0_fwd-0_rev-0/OTU_Pipeline/OTUs-Table.tab	/media/adminuser/MSD-Storage/Mohsen/TACTIC_Benchmark/Mocks/Benchmark_git/All_Analyses/mocks/cleaned_up_202605/mock-22/trimmed_fastq/Analysis_20260511_192624__mock-22_am-ZOTU_TIC_TAC_OTU_ms-z8-o8_al-0.0_fwd-0_rev-0/OTU_Pipeline/OTUs-Seqs.fasta	/media/adminuser/MSD-Storage/Mohsen/TACTIC_Benchmark/Mocks/Benchmark_git/All_Analyses/mocks/cleaned_up_202605/mock-22/trimmed_fastq/Analysis_20260511_192624__mock-22_am-ZOTU_TIC_TAC_OTU_ms-z8-o8_al-0.0_fwd-0_rev-0/TIC_Pipeline/SOTUs-Table-TIC.tab	/media/adminuser/MSD-Storage/Mohsen/TACTIC_Benchmark/Mocks/Benchmark_git/All_Analyses/mocks/cleaned_up_202605/mock-22/trimmed_fastq/Analysis_20260511_192624__mock-22_am-ZOTU_TIC_TAC_OTU_ms-z8-o8_al-0.0_fwd-0_rev-0/TIC_Pipeline/SOTUs-Seqs-TIC.fasta	/media/adminuser/MSD-Storage/Mohsen/TACTIC_Benchmark/Mocks/Benchmark_git/All_Analyses/mocks/cleaned_up_202605/mock-22/trimmed_fastq/Analysis_20260511_192624__mock-22_am-ZOTU_TIC_TAC_OTU_ms-z8-o8_al-0.0_fwd-0_rev-0/TAC_Pipeline/OTUs-Table-TAC.tab	/media/adminuser/MSD-Storage/Mohsen/TACTIC_Benchmark/Mocks/Benchmark_git/All_Analyses/mocks/cleaned_up_202605/mock-22/trimmed_fastq/Analysis_20260511_192624__mock-22_am-ZOTU_TIC_TAC_OTU_ms-z8-o8_al-0.0_fwd-0_rev-0/TAC_Pipeline/OTUs-Seqs-TAC.fasta
mock-23	/media/adminuser/MSD-Storage/Mohsen/TACTIC_Benchmark/Mocks/Benchmark_git/All_Analyses/mocks/cleaned_up_202605/mock-23	/media/adminuser/MSD-Storage/Mohsen/TACTIC_Benchmark/Mocks/Benchmark_git/All_Analyses/mocks/cleaned_up_202605/mock-23/source/taxonomy.tsv	/media/adminuser/MSD-Storage/Mohsen/TACTIC_Benchmark/Mocks/Benchmark_git/All_Analyses/mocks/cleaned_up_202605/mock-23/source/expected-sequences.v4.fasta	/media/adminuser/MSD-Storage/Mohsen/TACTIC_Benchmark/Mocks/Benchmark_git/All_Analyses/mocks/cleaned_up_202605/mock-23/dada2_results/dada2_out/ASV_counts.tsv	/media/adminuser/MSD-Storage/Mohsen/TACTIC_Benchmark/Mocks/Benchmark_git/All_Analyses/mocks/cleaned_up_202605/mock-23/dada2_results/dada2_out/ASVs.fasta	/media/adminuser/MSD-Storage/Mohsen/TACTIC_Benchmark/Mocks/Benchmark_git/All_Analyses/mocks/cleaned_up_202605/mock-23/trimmed_fastq/Analysis_20260511_193712__mock-23_am-ZOTU_TIC_TAC_OTU_ms-z8-o8_al-0.0_fwd-0_rev-0/ZOTU_Pipeline/ZOTUs-Table.tab	/media/adminuser/MSD-Storage/Mohsen/TACTIC_Benchmark/Mocks/Benchmark_git/All_Analyses/mocks/cleaned_up_202605/mock-23/trimmed_fastq/Analysis_20260511_193712__mock-23_am-ZOTU_TIC_TAC_OTU_ms-z8-o8_al-0.0_fwd-0_rev-0/ZOTU_Pipeline/ZOTUs-Seqs.fasta	/media/adminuser/MSD-Storage/Mohsen/TACTIC_Benchmark/Mocks/Benchmark_git/All_Analyses/mocks/cleaned_up_202605/mock-23/trimmed_fastq/Analysis_20260511_193712__mock-23_am-ZOTU_TIC_TAC_OTU_ms-z8-o8_al-0.0_fwd-0_rev-0/OTU_Pipeline/OTUs-Table.tab	/media/adminuser/MSD-Storage/Mohsen/TACTIC_Benchmark/Mocks/Benchmark_git/All_Analyses/mocks/cleaned_up_202605/mock-23/trimmed_fastq/Analysis_20260511_193712__mock-23_am-ZOTU_TIC_TAC_OTU_ms-z8-o8_al-0.0_fwd-0_rev-0/OTU_Pipeline/OTUs-Seqs.fasta	/media/adminuser/MSD-Storage/Mohsen/TACTIC_Benchmark/Mocks/Benchmark_git/All_Analyses/mocks/cleaned_up_202605/mock-23/trimmed_fastq/Analysis_20260511_193712__mock-23_am-ZOTU_TIC_TAC_OTU_ms-z8-o8_al-0.0_fwd-0_rev-0/TIC_Pipeline/SOTUs-Table-TIC.tab	/media/adminuser/MSD-Storage/Mohsen/TACTIC_Benchmark/Mocks/Benchmark_git/All_Analyses/mocks/cleaned_up_202605/mock-23/trimmed_fastq/Analysis_20260511_193712__mock-23_am-ZOTU_TIC_TAC_OTU_ms-z8-o8_al-0.0_fwd-0_rev-0/TIC_Pipeline/SOTUs-Seqs-TIC.fasta	/media/adminuser/MSD-Storage/Mohsen/TACTIC_Benchmark/Mocks/Benchmark_git/All_Analyses/mocks/cleaned_up_202605/mock-23/trimmed_fastq/Analysis_20260511_193712__mock-23_am-ZOTU_TIC_TAC_OTU_ms-z8-o8_al-0.0_fwd-0_rev-0/TAC_Pipeline/OTUs-Table-TAC.tab	/media/adminuser/MSD-Storage/Mohsen/TACTIC_Benchmark/Mocks/Benchmark_git/All_Analyses/mocks/cleaned_up_202605/mock-23/trimmed_fastq/Analysis_20260511_193712__mock-23_am-ZOTU_TIC_TAC_OTU_ms-z8-o8_al-0.0_fwd-0_rev-0/TAC_Pipeline/OTUs-Seqs-TAC.fasta
mock-4	/media/adminuser/MSD-Storage/Mohsen/TACTIC_Benchmark/Mocks/Benchmark_git/All_Analyses/mocks/cleaned_up_202605/mock-4	/media/adminuser/MSD-Storage/Mohsen/TACTIC_Benchmark/Mocks/Benchmark_git/All_Analyses/mocks/cleaned_up_202605/mock-4/source/taxonomy.tsv	/media/adminuser/MSD-Storage/Mohsen/TACTIC_Benchmark/Mocks/Benchmark_git/All_Analyses/mocks/cleaned_up_202605/mock-4/source/expected-sequences.v4.fasta	/media/adminuser/MSD-Storage/Mohsen/TACTIC_Benchmark/Mocks/Benchmark_git/All_Analyses/mocks/cleaned_up_202605/mock-4/dada2_results/dada2_out/ASV_counts.tsv	/media/adminuser/MSD-Storage/Mohsen/TACTIC_Benchmark/Mocks/Benchmark_git/All_Analyses/mocks/cleaned_up_202605/mock-4/dada2_results/dada2_out/ASVs.fasta	/media/adminuser/MSD-Storage/Mohsen/TACTIC_Benchmark/Mocks/Benchmark_git/All_Analyses/mocks/cleaned_up_202605/mock-4/trimmed_fastq/Analysis_20260511_173432__mock-4_am-ZOTU_TIC_TAC_OTU_ms-z8-o8_al-0.0_fwd-0_rev-0/ZOTU_Pipeline/ZOTUs-Table.tab	/media/adminuser/MSD-Storage/Mohsen/TACTIC_Benchmark/Mocks/Benchmark_git/All_Analyses/mocks/cleaned_up_202605/mock-4/trimmed_fastq/Analysis_20260511_173432__mock-4_am-ZOTU_TIC_TAC_OTU_ms-z8-o8_al-0.0_fwd-0_rev-0/ZOTU_Pipeline/ZOTUs-Seqs.fasta	/media/adminuser/MSD-Storage/Mohsen/TACTIC_Benchmark/Mocks/Benchmark_git/All_Analyses/mocks/cleaned_up_202605/mock-4/trimmed_fastq/Analysis_20260511_173432__mock-4_am-ZOTU_TIC_TAC_OTU_ms-z8-o8_al-0.0_fwd-0_rev-0/OTU_Pipeline/OTUs-Table.tab	/media/adminuser/MSD-Storage/Mohsen/TACTIC_Benchmark/Mocks/Benchmark_git/All_Analyses/mocks/cleaned_up_202605/mock-4/trimmed_fastq/Analysis_20260511_173432__mock-4_am-ZOTU_TIC_TAC_OTU_ms-z8-o8_al-0.0_fwd-0_rev-0/OTU_Pipeline/OTUs-Seqs.fasta	/media/adminuser/MSD-Storage/Mohsen/TACTIC_Benchmark/Mocks/Benchmark_git/All_Analyses/mocks/cleaned_up_202605/mock-4/trimmed_fastq/Analysis_20260511_173432__mock-4_am-ZOTU_TIC_TAC_OTU_ms-z8-o8_al-0.0_fwd-0_rev-0/TIC_Pipeline/SOTUs-Table-TIC.tab	/media/adminuser/MSD-Storage/Mohsen/TACTIC_Benchmark/Mocks/Benchmark_git/All_Analyses/mocks/cleaned_up_202605/mock-4/trimmed_fastq/Analysis_20260511_173432__mock-4_am-ZOTU_TIC_TAC_OTU_ms-z8-o8_al-0.0_fwd-0_rev-0/TIC_Pipeline/SOTUs-Seqs-TIC.fasta	/media/adminuser/MSD-Storage/Mohsen/TACTIC_Benchmark/Mocks/Benchmark_git/All_Analyses/mocks/cleaned_up_202605/mock-4/trimmed_fastq/Analysis_20260511_173432__mock-4_am-ZOTU_TIC_TAC_OTU_ms-z8-o8_al-0.0_fwd-0_rev-0/TAC_Pipeline/OTUs-Table-TAC.tab	/media/adminuser/MSD-Storage/Mohsen/TACTIC_Benchmark/Mocks/Benchmark_git/All_Analyses/mocks/cleaned_up_202605/mock-4/trimmed_fastq/Analysis_20260511_173432__mock-4_am-ZOTU_TIC_TAC_OTU_ms-z8-o8_al-0.0_fwd-0_rev-0/TAC_Pipeline/OTUs-Seqs-TAC.fasta
mock-5	/media/adminuser/MSD-Storage/Mohsen/TACTIC_Benchmark/Mocks/Benchmark_git/All_Analyses/mocks/cleaned_up_202605/mock-5	/media/adminuser/MSD-Storage/Mohsen/TACTIC_Benchmark/Mocks/Benchmark_git/All_Analyses/mocks/cleaned_up_202605/mock-5/source/taxonomy.tsv	/media/adminuser/MSD-Storage/Mohsen/TACTIC_Benchmark/Mocks/Benchmark_git/All_Analyses/mocks/cleaned_up_202605/mock-5/source/expected-sequences.v4.fasta	/media/adminuser/MSD-Storage/Mohsen/TACTIC_Benchmark/Mocks/Benchmark_git/All_Analyses/mocks/cleaned_up_202605/mock-5/dada2_results/dada2_out/ASV_counts.tsv	/media/adminuser/MSD-Storage/Mohsen/TACTIC_Benchmark/Mocks/Benchmark_git/All_Analyses/mocks/cleaned_up_202605/mock-5/dada2_results/dada2_out/ASVs.fasta	/media/adminuser/MSD-Storage/Mohsen/TACTIC_Benchmark/Mocks/Benchmark_git/All_Analyses/mocks/cleaned_up_202605/mock-5/trimmed_fastq/Analysis_20260511_175227__mock-5_am-ZOTU_TIC_TAC_OTU_ms-z8-o8_al-0.0_fwd-0_rev-0/ZOTU_Pipeline/ZOTUs-Table.tab	/media/adminuser/MSD-Storage/Mohsen/TACTIC_Benchmark/Mocks/Benchmark_git/All_Analyses/mocks/cleaned_up_202605/mock-5/trimmed_fastq/Analysis_20260511_175227__mock-5_am-ZOTU_TIC_TAC_OTU_ms-z8-o8_al-0.0_fwd-0_rev-0/ZOTU_Pipeline/ZOTUs-Seqs.fasta	/media/adminuser/MSD-Storage/Mohsen/TACTIC_Benchmark/Mocks/Benchmark_git/All_Analyses/mocks/cleaned_up_202605/mock-5/trimmed_fastq/Analysis_20260511_175227__mock-5_am-ZOTU_TIC_TAC_OTU_ms-z8-o8_al-0.0_fwd-0_rev-0/OTU_Pipeline/OTUs-Table.tab	/media/adminuser/MSD-Storage/Mohsen/TACTIC_Benchmark/Mocks/Benchmark_git/All_Analyses/mocks/cleaned_up_202605/mock-5/trimmed_fastq/Analysis_20260511_175227__mock-5_am-ZOTU_TIC_TAC_OTU_ms-z8-o8_al-0.0_fwd-0_rev-0/OTU_Pipeline/OTUs-Seqs.fasta	/media/adminuser/MSD-Storage/Mohsen/TACTIC_Benchmark/Mocks/Benchmark_git/All_Analyses/mocks/cleaned_up_202605/mock-5/trimmed_fastq/Analysis_20260511_175227__mock-5_am-ZOTU_TIC_TAC_OTU_ms-z8-o8_al-0.0_fwd-0_rev-0/TIC_Pipeline/SOTUs-Table-TIC.tab	/media/adminuser/MSD-Storage/Mohsen/TACTIC_Benchmark/Mocks/Benchmark_git/All_Analyses/mocks/cleaned_up_202605/mock-5/trimmed_fastq/Analysis_20260511_175227__mock-5_am-ZOTU_TIC_TAC_OTU_ms-z8-o8_al-0.0_fwd-0_rev-0/TIC_Pipeline/SOTUs-Seqs-TIC.fasta	/media/adminuser/MSD-Storage/Mohsen/TACTIC_Benchmark/Mocks/Benchmark_git/All_Analyses/mocks/cleaned_up_202605/mock-5/trimmed_fastq/Analysis_20260511_175227__mock-5_am-ZOTU_TIC_TAC_OTU_ms-z8-o8_al-0.0_fwd-0_rev-0/TAC_Pipeline/OTUs-Table-TAC.tab	/media/adminuser/MSD-Storage/Mohsen/TACTIC_Benchmark/Mocks/Benchmark_git/All_Analyses/mocks/cleaned_up_202605/mock-5/trimmed_fastq/Analysis_20260511_175227__mock-5_am-ZOTU_TIC_TAC_OTU_ms-z8-o8_al-0.0_fwd-0_rev-0/TAC_Pipeline/OTUs-Seqs-TAC.fasta
mock-ZIEL_1	/media/adminuser/MSD-Storage/Mohsen/TACTIC_Benchmark/Mocks/Benchmark_git/All_Analyses/mocks/cleaned_up_202605/mock-ZIEL_1	/media/adminuser/MSD-Storage/Mohsen/TACTIC_Benchmark/Mocks/Benchmark_git/All_Analyses/mocks/cleaned_up_202605/mock-ZIEL_1/source/taxonomy.tsv	/media/adminuser/MSD-Storage/Mohsen/TACTIC_Benchmark/Mocks/Benchmark_git/All_Analyses/mocks/cleaned_up_202605/mock-ZIEL_1/source/expected-sequences.v4.fasta	/media/adminuser/MSD-Storage/Mohsen/TACTIC_Benchmark/Mocks/Benchmark_git/All_Analyses/mocks/cleaned_up_202605/mock-ZIEL_1/dada2_results/dada2_out/ASV_counts.tsv	/media/adminuser/MSD-Storage/Mohsen/TACTIC_Benchmark/Mocks/Benchmark_git/All_Analyses/mocks/cleaned_up_202605/mock-ZIEL_1/dada2_results/dada2_out/ASVs.fasta	/media/adminuser/MSD-Storage/Mohsen/TACTIC_Benchmark/Mocks/Benchmark_git/All_Analyses/mocks/cleaned_up_202605/mock-ZIEL_1/trimmed_fastq/Analysis_20260511_170817__mock-ZIEL_1_am-ZOTU_TIC_TAC_OTU_ms-z8-o8_al-0.0_fwd-0_rev-0/ZOTU_Pipeline/ZOTUs-Table.tab	/media/adminuser/MSD-Storage/Mohsen/TACTIC_Benchmark/Mocks/Benchmark_git/All_Analyses/mocks/cleaned_up_202605/mock-ZIEL_1/trimmed_fastq/Analysis_20260511_170817__mock-ZIEL_1_am-ZOTU_TIC_TAC_OTU_ms-z8-o8_al-0.0_fwd-0_rev-0/ZOTU_Pipeline/ZOTUs-Seqs.fasta	/media/adminuser/MSD-Storage/Mohsen/TACTIC_Benchmark/Mocks/Benchmark_git/All_Analyses/mocks/cleaned_up_202605/mock-ZIEL_1/trimmed_fastq/Analysis_20260511_170817__mock-ZIEL_1_am-ZOTU_TIC_TAC_OTU_ms-z8-o8_al-0.0_fwd-0_rev-0/OTU_Pipeline/OTUs-Table.tab	/media/adminuser/MSD-Storage/Mohsen/TACTIC_Benchmark/Mocks/Benchmark_git/All_Analyses/mocks/cleaned_up_202605/mock-ZIEL_1/trimmed_fastq/Analysis_20260511_170817__mock-ZIEL_1_am-ZOTU_TIC_TAC_OTU_ms-z8-o8_al-0.0_fwd-0_rev-0/OTU_Pipeline/OTUs-Seqs.fasta	/media/adminuser/MSD-Storage/Mohsen/TACTIC_Benchmark/Mocks/Benchmark_git/All_Analyses/mocks/cleaned_up_202605/mock-ZIEL_1/trimmed_fastq/Analysis_20260511_170817__mock-ZIEL_1_am-ZOTU_TIC_TAC_OTU_ms-z8-o8_al-0.0_fwd-0_rev-0/TIC_Pipeline/SOTUs-Table-TIC.tab	/media/adminuser/MSD-Storage/Mohsen/TACTIC_Benchmark/Mocks/Benchmark_git/All_Analyses/mocks/cleaned_up_202605/mock-ZIEL_1/trimmed_fastq/Analysis_20260511_170817__mock-ZIEL_1_am-ZOTU_TIC_TAC_OTU_ms-z8-o8_al-0.0_fwd-0_rev-0/TIC_Pipeline/SOTUs-Seqs-TIC.fasta	/media/adminuser/MSD-Storage/Mohsen/TACTIC_Benchmark/Mocks/Benchmark_git/All_Analyses/mocks/cleaned_up_202605/mock-ZIEL_1/trimmed_fastq/Analysis_20260511_170817__mock-ZIEL_1_am-ZOTU_TIC_TAC_OTU_ms-z8-o8_al-0.0_fwd-0_rev-0/TAC_Pipeline/OTUs-Table-TAC.tab	/media/adminuser/MSD-Storage/Mohsen/TACTIC_Benchmark/Mocks/Benchmark_git/All_Analyses/mocks/cleaned_up_202605/mock-ZIEL_1/trimmed_fastq/Analysis_20260511_170817__mock-ZIEL_1_am-ZOTU_TIC_TAC_OTU_ms-z8-o8_al-0.0_fwd-0_rev-0/TAC_Pipeline/OTUs-Seqs-TAC.fasta
mock-ZIEL_2	/media/adminuser/MSD-Storage/Mohsen/TACTIC_Benchmark/Mocks/Benchmark_git/All_Analyses/mocks/cleaned_up_202605/mock-ZIEL_2	/media/adminuser/MSD-Storage/Mohsen/TACTIC_Benchmark/Mocks/Benchmark_git/All_Analyses/mocks/cleaned_up_202605/mock-ZIEL_2/source/taxonomy.tsv	/media/adminuser/MSD-Storage/Mohsen/TACTIC_Benchmark/Mocks/Benchmark_git/All_Analyses/mocks/cleaned_up_202605/mock-ZIEL_2/source/expected-sequences.v4.fasta	/media/adminuser/MSD-Storage/Mohsen/TACTIC_Benchmark/Mocks/Benchmark_git/All_Analyses/mocks/cleaned_up_202605/mock-ZIEL_2/dada2_results/dada2_out/ASV_counts.tsv	/media/adminuser/MSD-Storage/Mohsen/TACTIC_Benchmark/Mocks/Benchmark_git/All_Analyses/mocks/cleaned_up_202605/mock-ZIEL_2/dada2_results/dada2_out/ASVs.fasta	/media/adminuser/MSD-Storage/Mohsen/TACTIC_Benchmark/Mocks/Benchmark_git/All_Analyses/mocks/cleaned_up_202605/mock-ZIEL_2/trimmed_fastq/Analysis_20260511_171423__mock-ZIEL_2_am-ZOTU_TIC_TAC_OTU_ms-z8-o8_al-0.0_fwd-0_rev-0/ZOTU_Pipeline/ZOTUs-Table.tab	/media/adminuser/MSD-Storage/Mohsen/TACTIC_Benchmark/Mocks/Benchmark_git/All_Analyses/mocks/cleaned_up_202605/mock-ZIEL_2/trimmed_fastq/Analysis_20260511_171423__mock-ZIEL_2_am-ZOTU_TIC_TAC_OTU_ms-z8-o8_al-0.0_fwd-0_rev-0/ZOTU_Pipeline/ZOTUs-Seqs.fasta	/media/adminuser/MSD-Storage/Mohsen/TACTIC_Benchmark/Mocks/Benchmark_git/All_Analyses/mocks/cleaned_up_202605/mock-ZIEL_2/trimmed_fastq/Analysis_20260511_171423__mock-ZIEL_2_am-ZOTU_TIC_TAC_OTU_ms-z8-o8_al-0.0_fwd-0_rev-0/OTU_Pipeline/OTUs-Table.tab	/media/adminuser/MSD-Storage/Mohsen/TACTIC_Benchmark/Mocks/Benchmark_git/All_Analyses/mocks/cleaned_up_202605/mock-ZIEL_2/trimmed_fastq/Analysis_20260511_171423__mock-ZIEL_2_am-ZOTU_TIC_TAC_OTU_ms-z8-o8_al-0.0_fwd-0_rev-0/OTU_Pipeline/OTUs-Seqs.fasta	/media/adminuser/MSD-Storage/Mohsen/TACTIC_Benchmark/Mocks/Benchmark_git/All_Analyses/mocks/cleaned_up_202605/mock-ZIEL_2/trimmed_fastq/Analysis_20260511_171423__mock-ZIEL_2_am-ZOTU_TIC_TAC_OTU_ms-z8-o8_al-0.0_fwd-0_rev-0/TIC_Pipeline/SOTUs-Table-TIC.tab	/media/adminuser/MSD-Storage/Mohsen/TACTIC_Benchmark/Mocks/Benchmark_git/All_Analyses/mocks/cleaned_up_202605/mock-ZIEL_2/trimmed_fastq/Analysis_20260511_171423__mock-ZIEL_2_am-ZOTU_TIC_TAC_OTU_ms-z8-o8_al-0.0_fwd-0_rev-0/TIC_Pipeline/SOTUs-Seqs-TIC.fasta	/media/adminuser/MSD-Storage/Mohsen/TACTIC_Benchmark/Mocks/Benchmark_git/All_Analyses/mocks/cleaned_up_202605/mock-ZIEL_2/trimmed_fastq/Analysis_20260511_171423__mock-ZIEL_2_am-ZOTU_TIC_TAC_OTU_ms-z8-o8_al-0.0_fwd-0_rev-0/TAC_Pipeline/OTUs-Table-TAC.tab	/media/adminuser/MSD-Storage/Mohsen/TACTIC_Benchmark/Mocks/Benchmark_git/All_Analyses/mocks/cleaned_up_202605/mock-ZIEL_2/trimmed_fastq/Analysis_20260511_171423__mock-ZIEL_2_am-ZOTU_TIC_TAC_OTU_ms-z8-o8_al-0.0_fwd-0_rev-0/TAC_Pipeline/OTUs-Seqs-TAC.fasta
mock-ZYMO	/media/adminuser/MSD-Storage/Mohsen/TACTIC_Benchmark/Mocks/Benchmark_git/All_Analyses/mocks/cleaned_up_202605/mock-ZYMO	/media/adminuser/MSD-Storage/Mohsen/TACTIC_Benchmark/Mocks/Benchmark_git/All_Analyses/mocks/cleaned_up_202605/mock-ZYMO/source/taxonomy.tsv	/media/adminuser/MSD-Storage/Mohsen/TACTIC_Benchmark/Mocks/Benchmark_git/All_Analyses/mocks/cleaned_up_202605/mock-ZYMO/source/expected-sequences.v4.fasta	/media/adminuser/MSD-Storage/Mohsen/TACTIC_Benchmark/Mocks/Benchmark_git/All_Analyses/mocks/cleaned_up_202605/mock-ZYMO/dada2_results/dada2_out/ASV_counts.tsv	/media/adminuser/MSD-Storage/Mohsen/TACTIC_Benchmark/Mocks/Benchmark_git/All_Analyses/mocks/cleaned_up_202605/mock-ZYMO/dada2_results/dada2_out/ASVs.fasta	/media/adminuser/MSD-Storage/Mohsen/TACTIC_Benchmark/Mocks/Benchmark_git/All_Analyses/mocks/cleaned_up_202605/mock-ZYMO/trimmed_fastq/Analysis_20260511_172307__mock-ZYMO_am-ZOTU_TIC_TAC_OTU_ms-z8-o8_al-0.0_fwd-0_rev-0/ZOTU_Pipeline/ZOTUs-Table.tab	/media/adminuser/MSD-Storage/Mohsen/TACTIC_Benchmark/Mocks/Benchmark_git/All_Analyses/mocks/cleaned_up_202605/mock-ZYMO/trimmed_fastq/Analysis_20260511_172307__mock-ZYMO_am-ZOTU_TIC_TAC_OTU_ms-z8-o8_al-0.0_fwd-0_rev-0/ZOTU_Pipeline/ZOTUs-Seqs.fasta	/media/adminuser/MSD-Storage/Mohsen/TACTIC_Benchmark/Mocks/Benchmark_git/All_Analyses/mocks/cleaned_up_202605/mock-ZYMO/trimmed_fastq/Analysis_20260511_172307__mock-ZYMO_am-ZOTU_TIC_TAC_OTU_ms-z8-o8_al-0.0_fwd-0_rev-0/OTU_Pipeline/OTUs-Table.tab	/media/adminuser/MSD-Storage/Mohsen/TACTIC_Benchmark/Mocks/Benchmark_git/All_Analyses/mocks/cleaned_up_202605/mock-ZYMO/trimmed_fastq/Analysis_20260511_172307__mock-ZYMO_am-ZOTU_TIC_TAC_OTU_ms-z8-o8_al-0.0_fwd-0_rev-0/OTU_Pipeline/OTUs-Seqs.fasta	/media/adminuser/MSD-Storage/Mohsen/TACTIC_Benchmark/Mocks/Benchmark_git/All_Analyses/mocks/cleaned_up_202605/mock-ZYMO/trimmed_fastq/Analysis_20260511_172307__mock-ZYMO_am-ZOTU_TIC_TAC_OTU_ms-z8-o8_al-0.0_fwd-0_rev-0/TIC_Pipeline/SOTUs-Table-TIC.tab	/media/adminuser/MSD-Storage/Mohsen/TACTIC_Benchmark/Mocks/Benchmark_git/All_Analyses/mocks/cleaned_up_202605/mock-ZYMO/trimmed_fastq/Analysis_20260511_172307__mock-ZYMO_am-ZOTU_TIC_TAC_OTU_ms-z8-o8_al-0.0_fwd-0_rev-0/TIC_Pipeline/SOTUs-Seqs-TIC.fasta	/media/adminuser/MSD-Storage/Mohsen/TACTIC_Benchmark/Mocks/Benchmark_git/All_Analyses/mocks/cleaned_up_202605/mock-ZYMO/trimmed_fastq/Analysis_20260511_172307__mock-ZYMO_am-ZOTU_TIC_TAC_OTU_ms-z8-o8_al-0.0_fwd-0_rev-0/TAC_Pipeline/OTUs-Table-TAC.tab	/media/adminuser/MSD-Storage/Mohsen/TACTIC_Benchmark/Mocks/Benchmark_git/All_Analyses/mocks/cleaned_up_202605/mock-ZYMO/trimmed_fastq/Analysis_20260511_172307__mock-ZYMO_am-ZOTU_TIC_TAC_OTU_ms-z8-o8_al-0.0_fwd-0_rev-0/TAC_Pipeline/OTUs-Seqs-TAC.fasta
