genus_species	Mock 6
Acinetobacter_baumannii	476.190476
Actinomyces_odontolyticus	476.190476
Bacillus_cereus	476.190476
Bacteroides_vulgatus	476.190476
Clostridium_beijerinckii	476.190476
Deinococcus_radiodurans	476.190476
Enterococcus_faecalis	476.190476
Escherichia_coli	476.190476
Helicobacter_pylori	476.190476
Lactobacillus_gasseri	476.190476
Listeria_monocytogenes	476.190476
Neisseria_meningitidis	476.190476
Porphyromonas_gingivalis	476.190476
Propionibacterium_acnes	476.190476
Pseudomonas_aeruginosa	476.190476
Rhodobacter_sphaeroides	476.190476
Staphylococcus_aureus	476.190476
Staphylococcus_epidermidis	476.190477
Streptococcus_agalactiae	476.190477
Streptococcus_mutans	476.190477
Streptococcus_pneumoniae	476.190477
