community_id	sample_id	sample_key	clustering_method	clustering_method_label	expected_species_count	unoise3_feature_count	clustering_feature_count	unoise3_excess_richness	excess_removed	percent_excess_removed	overcorrected_below_expected
mock-12	Mock 3	mock-12|Mock 3	TAC	TAC	26.0	31.0	24.0	5.0	7.0	140.0	True
mock-12	Mock 3	mock-12|Mock 3	TIC	TIC	26.0	31.0	24.0	5.0	7.0	140.0	True
mock-13	Mock 4	mock-13|Mock 4	TAC	TAC	21.0	31.0	27.0	10.0	4.0	40.0	False
mock-13	Mock 4	mock-13|Mock 4	TIC	TIC	21.0	31.0	27.0	10.0	4.0	40.0	False
mock-14	Mock 5	mock-14|Mock 5	TAC	TAC	21.0	39.0	36.0	18.0	3.0	16.666666666666668	False
mock-14	Mock 5	mock-14|Mock 5	TIC	TIC	21.0	39.0	36.0	18.0	3.0	16.666666666666668	False
mock-15	Mock 6	mock-15|Mock 6	TAC	TAC	21.0	35.0	31.0	14.0	4.0	28.571428571428573	False
mock-15	Mock 6	mock-15|Mock 6	TIC	TIC	21.0	35.0	31.0	14.0	4.0	28.571428571428573	False
mock-16	Mock 7	mock-16|Mock 7	TAC	TAC	56.0	80.0	69.0	24.0	11.0	45.833333333333336	False
mock-16	Mock 7	mock-16|Mock 7	TIC	TIC	56.0	80.0	71.0	24.0	9.0	37.5	False
mock-20	Mock 10	mock-20|Mock 10	TAC	TAC	20.0	29.0	26.0	9.0	3.0	33.333333333333336	False
mock-20	Mock 10	mock-20|Mock 10	TIC	TIC	20.0	29.0	26.0	9.0	3.0	33.333333333333336	False
mock-21	Mock 11	mock-21|Mock 11	TAC	TAC	20.0	31.0	24.0	11.0	7.0	63.63636363636363	False
mock-21	Mock 11	mock-21|Mock 11	TIC	TIC	20.0	31.0	27.0	11.0	4.0	36.36363636363637	False
mock-22	Mock 12	mock-22|Mock 12	TAC	TAC	20.0	22.0	20.0	2.0	2.0	100.0	False
mock-22	Mock 12	mock-22|Mock 12	TIC	TIC	20.0	22.0	20.0	2.0	2.0	100.0	False
mock-23	Mock 13	mock-23|Mock 13	TAC	TAC	20.0	24.0	21.0	4.0	3.0	75.0	False
mock-23	Mock 13	mock-23|Mock 13	TIC	TIC	20.0	24.0	21.0	4.0	3.0	75.0	False
mock-4	Even1	mock-4|Even1	TAC	TAC	21.0	38.0	30.0	17.0	8.0	47.05882352941177	False
mock-4	Even1	mock-4|Even1	TIC	TIC	21.0	38.0	30.0	17.0	8.0	47.05882352941177	False
mock-4	Even2	mock-4|Even2	TAC	TAC	21.0	39.0	31.0	18.0	8.0	44.44444444444444	False
mock-4	Even2	mock-4|Even2	TIC	TIC	21.0	39.0	31.0	18.0	8.0	44.44444444444444	False
mock-4	Staggered1	mock-4|Staggered1	TAC	TAC	21.0	39.0	31.0	18.0	8.0	44.44444444444444	False
mock-4	Staggered1	mock-4|Staggered1	TIC	TIC	21.0	39.0	31.0	18.0	8.0	44.44444444444444	False
mock-4	Staggered2	mock-4|Staggered2	TAC	TAC	21.0	39.0	31.0	18.0	8.0	44.44444444444444	False
mock-4	Staggered2	mock-4|Staggered2	TIC	TIC	21.0	39.0	31.0	18.0	8.0	44.44444444444444	False
mock-5	Even1	mock-5|Even1	TAC	TAC	21.0	25.0	23.0	4.0	2.0	50.0	False
mock-5	Even1	mock-5|Even1	TIC	TIC	21.0	25.0	23.0	4.0	2.0	50.0	False
mock-5	Even2	mock-5|Even2	TAC	TAC	21.0	25.0	23.0	4.0	2.0	50.0	False
mock-5	Even2	mock-5|Even2	TIC	TIC	21.0	25.0	23.0	4.0	2.0	50.0	False
mock-5	Staggered1	mock-5|Staggered1	TAC	TAC	21.0	24.0	22.0	3.0	2.0	66.66666666666667	False
mock-5	Staggered1	mock-5|Staggered1	TIC	TIC	21.0	24.0	22.0	3.0	2.0	66.66666666666667	False
mock-5	Staggered2	mock-5|Staggered2	TAC	TAC	21.0	24.0	22.0	3.0	2.0	66.66666666666667	False
mock-5	Staggered2	mock-5|Staggered2	TIC	TIC	21.0	24.0	22.0	3.0	2.0	66.66666666666667	False
mock-ZIEL_1	SRR13005984	mock-ZIEL_1|SRR13005984	TAC	TAC	13.0	18.0	13.0	5.0	5.0	100.0	False
mock-ZIEL_1	SRR13005984	mock-ZIEL_1|SRR13005984	TIC	TIC	13.0	18.0	13.0	5.0	5.0	100.0	False
mock-ZIEL_1	SRR13005985	mock-ZIEL_1|SRR13005985	TAC	TAC	13.0	18.0	13.0	5.0	5.0	100.0	False
mock-ZIEL_1	SRR13005985	mock-ZIEL_1|SRR13005985	TIC	TIC	13.0	18.0	13.0	5.0	5.0	100.0	False
mock-ZYMO	SRR13006002	mock-ZYMO|SRR13006002	TAC	TAC	8.0	10.0	9.0	2.0	1.0	50.0	False
mock-ZYMO	SRR13006002	mock-ZYMO|SRR13006002	TIC	TIC	8.0	10.0	9.0	2.0	1.0	50.0	False
mock-ZYMO	SRR13006003	mock-ZYMO|SRR13006003	TAC	TAC	8.0	11.0	10.0	3.0	1.0	33.333333333333336	False
mock-ZYMO	SRR13006003	mock-ZYMO|SRR13006003	TIC	TIC	8.0	11.0	10.0	3.0	1.0	33.333333333333336	False
mock-ZYMO	SRR13006004	mock-ZYMO|SRR13006004	TAC	TAC	8.0	11.0	10.0	3.0	1.0	33.333333333333336	False
mock-ZYMO	SRR13006004	mock-ZYMO|SRR13006004	TIC	TIC	8.0	11.0	10.0	3.0	1.0	33.333333333333336	False
