Taxonomy	mock-19
Nitrobacter_winogradskyi_ATCC-14123	0.0666666667
Nitrosomonas_europaea_ATCC-19178	0.0666666667
Pseudomonas_putida_KT2440	0.0666666667
Gemmatimonas_aurantiaca_T-27	0.0666666667
Bacillus_subtilis_ATCC-6051	0.0666666667
Desulfovibrio_vulgaris_Hildenborough	0.0666666667
Clostridium_acetobutylicum_ATCC-824	0.0666666667
Microlunatus_phosphovorus_NM-1	0.0666666667
Anaerolinea_thermophila_UNI-1	0.0666666667
Treponema_bryantii_ATCC-33254	0.0666666667
Deinococcus_grandis_DSM-3963	0.0666666667
Bacteroides_vulgatus_ATCC-8482	0.0666666667
Escherichia_coli_DH5a	0.0666666667
Chloroflexus_aurantiacus_J-10-fl	0.0666666667
Desulfitobacterium_hafniense_DCB-2	0.0666666667
