feature	mean_before_standardization	sd_before_standardization	sd_used
diff__ASV__jaccard__minus__ASV__weighted_jaccard	-0.20185276875017147	0.17762591675721806	0.17762591675721806
diff__ASV__jaccard__minus__ASV__braycurtis	-0.05170121130996019	0.19053749141550724	0.19053749141550724
diff__ASV__jaccard__minus__ASV__gunifrac_a0.0	0.16797502101223555	0.16205512861069635	0.16205512861069635
diff__ASV__jaccard__minus__ASV__gunifrac_a0.5	0.17709810546684193	0.14926395355263372	0.14926395355263372
diff__ASV__jaccard__minus__ASV__gunifrac_a1.0	0.14457533172769854	0.1473514378903938	0.1473514378903938
diff__ASV__jaccard__minus__zOTU__jaccard	0.041073286886942756	0.161707901028217	0.161707901028217
diff__ASV__jaccard__minus__zOTU__weighted_jaccard	-0.16916456114096595	0.16083704810103164	0.16083704810103164
diff__ASV__jaccard__minus__zOTU__braycurtis	-0.014799776109473162	0.1667740722290334	0.1667740722290334
diff__ASV__jaccard__minus__zOTU__gunifrac_a0.0	0.17038263258894826	0.1606878396149287	0.1606878396149287
diff__ASV__jaccard__minus__zOTU__gunifrac_a0.5	0.2089175538261135	0.1446235977230935	0.1446235977230935
diff__ASV__jaccard__minus__zOTU__gunifrac_a1.0	0.1783631052948222	0.1374454690659326	0.1374454690659326
diff__ASV__jaccard__minus__OTU__jaccard	0.16820604026519348	0.13808195588604322	0.13808195588604322
diff__ASV__jaccard__minus__OTU__weighted_jaccard	-0.11810637841210926	0.204667480781664	0.204667480781664
diff__ASV__jaccard__minus__OTU__braycurtis	0.028272963313712644	0.20022832546486696	0.20022832546486696
diff__ASV__jaccard__minus__OTU__gunifrac_a0.0	0.1995357402192282	0.1584531363902154	0.1584531363902154
diff__ASV__jaccard__minus__OTU__gunifrac_a0.5	0.21297278467144481	0.14657271496183324	0.14657271496183324
diff__ASV__jaccard__minus__OTU__gunifrac_a1.0	0.17908832192489438	0.13769141310444455	0.13769141310444455
diff__ASV__jaccard__minus__TIC__jaccard	0.12035149154722981	0.162412744037187	0.162412744037187
diff__ASV__jaccard__minus__TIC__weighted_jaccard	-0.11353938052662925	0.20910619881606876	0.20910619881606876
diff__ASV__jaccard__minus__TIC__braycurtis	0.03080190917799681	0.20501115363193825	0.20501115363193825
diff__ASV__jaccard__minus__TIC__gunifrac_a0.0	0.18450506317992635	0.1633130358609771	0.1633130358609771
diff__ASV__jaccard__minus__TIC__gunifrac_a0.5	0.21140970284389946	0.14655960255579495	0.14655960255579495
diff__ASV__jaccard__minus__TIC__gunifrac_a1.0	0.17891240685337784	0.13768708174749497	0.13768708174749497
diff__ASV__jaccard__minus__TAC__jaccard	0.11533293656624097	0.15946247375826605	0.15946247375826605
diff__ASV__jaccard__minus__TAC__weighted_jaccard	-0.11818152478924275	0.2058182369700793	0.2058182369700793
diff__ASV__jaccard__minus__TAC__braycurtis	0.028018756421199272	0.20126374149318685	0.20126374149318685
diff__ASV__jaccard__minus__TAC__gunifrac_a0.0	0.18384525937387616	0.16346268200947453	0.16346268200947453
diff__ASV__jaccard__minus__TAC__gunifrac_a0.5	0.21035974962441878	0.14582047676695653	0.14582047676695653
diff__ASV__jaccard__minus__TAC__gunifrac_a1.0	0.1781118746827383	0.13712971053153797	0.13712971053153797
diff__ASV__weighted_jaccard__minus__ASV__braycurtis	0.15015155744021125	0.021495080470027638	0.021495080470027638
diff__ASV__weighted_jaccard__minus__ASV__gunifrac_a0.0	0.3698277897624069	0.2527758120083601	0.2527758120083601
diff__ASV__weighted_jaccard__minus__ASV__gunifrac_a0.5	0.37895087421701334	0.1492401029832428	0.1492401029832428
diff__ASV__weighted_jaccard__minus__ASV__gunifrac_a1.0	0.34642810047787004	0.133746649683584	0.133746649683584
diff__ASV__weighted_jaccard__minus__zOTU__jaccard	0.2429260556371142	0.20889863147368157	0.20889863147368157
diff__ASV__weighted_jaccard__minus__zOTU__weighted_jaccard	0.03268820760920551	0.03348119297859597	0.03348119297859597
diff__ASV__weighted_jaccard__minus__zOTU__braycurtis	0.18705299264069825	0.03175514123106469	0.03175514123106469
diff__ASV__weighted_jaccard__minus__zOTU__gunifrac_a0.0	0.37223540133911953	0.20899056472483737	0.20899056472483737
diff__ASV__weighted_jaccard__minus__zOTU__gunifrac_a0.5	0.410770322576285	0.16665611591689486	0.16665611591689486
diff__ASV__weighted_jaccard__minus__zOTU__gunifrac_a1.0	0.3802158740449937	0.14738559616261618	0.14738559616261618
diff__ASV__weighted_jaccard__minus__OTU__jaccard	0.3700588090153648	0.20949835354651947	0.20949835354651947
diff__ASV__weighted_jaccard__minus__OTU__weighted_jaccard	0.08374639033806215	0.09766484394265057	0.09766484394265057
diff__ASV__weighted_jaccard__minus__OTU__braycurtis	0.23012573206388412	0.08423019915535214	0.08423019915535214
diff__ASV__weighted_jaccard__minus__OTU__gunifrac_a0.0	0.4013885089693996	0.21168257650108027	0.21168257650108027
diff__ASV__weighted_jaccard__minus__OTU__gunifrac_a0.5	0.4148255534216163	0.16797516854179712	0.16797516854179712
diff__ASV__weighted_jaccard__minus__OTU__gunifrac_a1.0	0.3809410906750659	0.14788529580404983	0.14788529580404983
diff__ASV__weighted_jaccard__minus__TIC__jaccard	0.3222042602974013	0.1794630717965591	0.1794630717965591
diff__ASV__weighted_jaccard__minus__TIC__weighted_jaccard	0.08831338822354219	0.0899272027436977	0.0899272027436977
diff__ASV__weighted_jaccard__minus__TIC__braycurtis	0.2326546779281682	0.0783734567710424	0.0783734567710424
diff__ASV__weighted_jaccard__minus__TIC__gunifrac_a0.0	0.3863578319300978	0.20932099635575627	0.20932099635575627
diff__ASV__weighted_jaccard__minus__TIC__gunifrac_a0.5	0.4132624715940708	0.16724009634522946	0.16724009634522946
diff__ASV__weighted_jaccard__minus__TIC__gunifrac_a1.0	0.3807651756035491	0.14780000807954446	0.14780000807954446
diff__ASV__weighted_jaccard__minus__TAC__jaccard	0.31718570531641244	0.1815685608165127	0.1815685608165127
diff__ASV__weighted_jaccard__minus__TAC__weighted_jaccard	0.08367124396092868	0.09660702702397811	0.09660702702397811
diff__ASV__weighted_jaccard__minus__TAC__braycurtis	0.22987152517137072	0.08306248462021329	0.08306248462021329
diff__ASV__weighted_jaccard__minus__TAC__gunifrac_a0.0	0.3856980281240477	0.20960555406134634	0.20960555406134634
diff__ASV__weighted_jaccard__minus__TAC__gunifrac_a0.5	0.41221251837459016	0.16695232263418547	0.16695232263418547
diff__ASV__weighted_jaccard__minus__TAC__gunifrac_a1.0	0.3799646434329098	0.1475343090783294	0.1475343090783294
diff__ASV__braycurtis__minus__ASV__gunifrac_a0.0	0.2196762323221957	0.2664871373883429	0.2664871373883429
diff__ASV__braycurtis__minus__ASV__gunifrac_a0.5	0.22879931677680207	0.157867681706365	0.157867681706365
diff__ASV__braycurtis__minus__ASV__gunifrac_a1.0	0.19627654303765874	0.14079756716382266	0.14079756716382266
diff__ASV__braycurtis__minus__zOTU__jaccard	0.09277449819690292	0.2258796440285693	0.2258796440285693
diff__ASV__braycurtis__minus__zOTU__weighted_jaccard	-0.11746334983100576	0.04701749217464402	0.04701749217464402
diff__ASV__braycurtis__minus__zOTU__braycurtis	0.03690143520048701	0.03766799674996043	0.03766799674996043
diff__ASV__braycurtis__minus__zOTU__gunifrac_a0.0	0.2220838438989085	0.22406908431571557	0.22406908431571557
diff__ASV__braycurtis__minus__zOTU__gunifrac_a0.5	0.2606187651360737	0.1765973664218724	0.1765973664218724
diff__ASV__braycurtis__minus__zOTU__gunifrac_a1.0	0.23006431660478238	0.15551808394798686	0.15551808394798686
diff__ASV__braycurtis__minus__OTU__jaccard	0.2199072515751537	0.22440958522525536	0.22440958522525536
diff__ASV__braycurtis__minus__OTU__weighted_jaccard	-0.06640516710214911	0.09254163488496711	0.09254163488496711
diff__ASV__braycurtis__minus__OTU__braycurtis	0.07997417462367282	0.0764091962107224	0.0764091962107224
diff__ASV__braycurtis__minus__OTU__gunifrac_a0.0	0.2512369515291884	0.2254352479662105	0.2254352479662105
diff__ASV__braycurtis__minus__OTU__gunifrac_a0.5	0.264673995981405	0.1775368448634306	0.1775368448634306
diff__ASV__braycurtis__minus__OTU__gunifrac_a1.0	0.23078953323485454	0.15592901352308836	0.15592901352308836
diff__ASV__braycurtis__minus__TIC__jaccard	0.17205270285719007	0.1960178798157576	0.1960178798157576
diff__ASV__braycurtis__minus__TIC__weighted_jaccard	-0.06183816921666908	0.08404295484167833	0.08404295484167833
diff__ASV__braycurtis__minus__TIC__braycurtis	0.082503120487957	0.06933820828124816	0.06933820828124816
diff__ASV__braycurtis__minus__TIC__gunifrac_a0.0	0.2362062744898865	0.223741221308849	0.223741221308849
diff__ASV__braycurtis__minus__TIC__gunifrac_a0.5	0.2631109141538596	0.17694345761365401	0.17694345761365401
diff__ASV__braycurtis__minus__TIC__gunifrac_a1.0	0.23061361816333795	0.15587844539963888	0.15587844539963888
diff__ASV__braycurtis__minus__TAC__jaccard	0.1670341478762012	0.19770896701876367	0.19770896701876367
diff__ASV__braycurtis__minus__TAC__weighted_jaccard	-0.06648031347928256	0.09155893564804891	0.09155893564804891
diff__ASV__braycurtis__minus__TAC__braycurtis	0.07971996773115946	0.07526496368359754	0.07526496368359754
diff__ASV__braycurtis__minus__TAC__gunifrac_a0.0	0.23554647068383638	0.22404683618253943	0.22404683618253943
diff__ASV__braycurtis__minus__TAC__gunifrac_a0.5	0.2620609609343789	0.17677333462878844	0.17677333462878844
diff__ASV__braycurtis__minus__TAC__gunifrac_a1.0	0.22981308599269845	0.1557103259847488	0.1557103259847488
diff__ASV__gunifrac_a0.0__minus__ASV__gunifrac_a0.5	0.009123084454606358	0.1576485434925872	0.1576485434925872
diff__ASV__gunifrac_a0.0__minus__ASV__gunifrac_a1.0	-0.02339968928453693	0.1724767348247349	0.1724767348247349
diff__ASV__gunifrac_a0.0__minus__zOTU__jaccard	-0.12690173412529276	0.2005413967046549	0.2005413967046549
diff__ASV__gunifrac_a0.0__minus__zOTU__weighted_jaccard	-0.3371395821532015	0.24407622299051818	0.24407622299051818
diff__ASV__gunifrac_a0.0__minus__zOTU__braycurtis	-0.18277479712170872	0.24875255178828876	0.24875255178828876
diff__ASV__gunifrac_a0.0__minus__zOTU__gunifrac_a0.0	0.002407611576712732	0.10495357512225455	0.10495357512225455
diff__ASV__gunifrac_a0.0__minus__zOTU__gunifrac_a0.5	0.04094253281387795	0.14959791980223086	0.14959791980223086
diff__ASV__gunifrac_a0.0__minus__zOTU__gunifrac_a1.0	0.010388084282586684	0.16429582845635693	0.16429582845635693
diff__ASV__gunifrac_a0.0__minus__OTU__jaccard	0.00023101925295794575	0.16946638778895076	0.16946638778895076
diff__ASV__gunifrac_a0.0__minus__OTU__weighted_jaccard	-0.28608139942434474	0.2813470061774542	0.2813470061774542
diff__ASV__gunifrac_a0.0__minus__OTU__braycurtis	-0.13970205769852287	0.278349021640154	0.278349021640154
diff__ASV__gunifrac_a0.0__minus__OTU__gunifrac_a0.0	0.0315607192069927	0.1042715360359673	0.1042715360359673
diff__ASV__gunifrac_a0.0__minus__OTU__gunifrac_a0.5	0.04499776365920924	0.1509041413767151	0.1509041413767151
diff__ASV__gunifrac_a0.0__minus__OTU__gunifrac_a1.0	0.01111330091265884	0.16482824287406206	0.16482824287406206
diff__ASV__gunifrac_a0.0__minus__TIC__jaccard	-0.04762352946500569	0.18960988320996872	0.18960988320996872
diff__ASV__gunifrac_a0.0__minus__TIC__weighted_jaccard	-0.2815144015388647	0.28392904637035593	0.28392904637035593
diff__ASV__gunifrac_a0.0__minus__TIC__braycurtis	-0.13717311183423866	0.28183721000009043	0.28183721000009043
diff__ASV__gunifrac_a0.0__minus__TIC__gunifrac_a0.0	0.016530042167690842	0.10481866675377234	0.10481866675377234
diff__ASV__gunifrac_a0.0__minus__TIC__gunifrac_a0.5	0.04343468183166391	0.1507564402761552	0.1507564402761552
diff__ASV__gunifrac_a0.0__minus__TIC__gunifrac_a1.0	0.010937385841142303	0.16486116624044045	0.16486116624044045
diff__ASV__gunifrac_a0.0__minus__TAC__jaccard	-0.05264208444599457	0.18926095237411075	0.18926095237411075
diff__ASV__gunifrac_a0.0__minus__TAC__weighted_jaccard	-0.28615654580147826	0.2819409573801137	0.2819409573801137
diff__ASV__gunifrac_a0.0__minus__TAC__braycurtis	-0.1399562645910362	0.2789302326486391	0.2789302326486391
diff__ASV__gunifrac_a0.0__minus__TAC__gunifrac_a0.0	0.015870238361640678	0.10460349202267301	0.10460349202267301
diff__ASV__gunifrac_a0.0__minus__TAC__gunifrac_a0.5	0.042384728612183196	0.1496566766184297	0.1496566766184297
diff__ASV__gunifrac_a0.0__minus__TAC__gunifrac_a1.0	0.010136853670502762	0.16426972862797662	0.16426972862797662
diff__ASV__gunifrac_a0.5__minus__ASV__gunifrac_a1.0	-0.0325227737391433	0.043332268401288954	0.043332268401288954
diff__ASV__gunifrac_a0.5__minus__zOTU__jaccard	-0.13602481857989915	0.18262304772647994	0.18262304772647994
diff__ASV__gunifrac_a0.5__minus__zOTU__weighted_jaccard	-0.34626266660780786	0.139983655096074	0.139983655096074
diff__ASV__gunifrac_a0.5__minus__zOTU__braycurtis	-0.19189788157631504	0.13898375428395865	0.13898375428395865
diff__ASV__gunifrac_a0.5__minus__zOTU__gunifrac_a0.0	-0.006715472877893618	0.13540883464418546	0.13540883464418546
diff__ASV__gunifrac_a0.5__minus__zOTU__gunifrac_a0.5	0.03181944835927161	0.031056584815717204	0.031056584815717204
diff__ASV__gunifrac_a0.5__minus__zOTU__gunifrac_a1.0	0.0012649998279803338	0.04060555933341636	0.04060555933341636
diff__ASV__gunifrac_a0.5__minus__OTU__jaccard	-0.008892065201648395	0.18243367648535008	0.18243367648535008
diff__ASV__gunifrac_a0.5__minus__OTU__weighted_jaccard	-0.29520448387895115	0.17994096535380044	0.17994096535380044
diff__ASV__gunifrac_a0.5__minus__OTU__braycurtis	-0.14882514215312923	0.17234419569886095	0.17234419569886095
diff__ASV__gunifrac_a0.5__minus__OTU__gunifrac_a0.0	0.022437634752386353	0.12490669723763888	0.12490669723763888
diff__ASV__gunifrac_a0.5__minus__OTU__gunifrac_a0.5	0.035874679204602904	0.03097204385495018	0.03097204385495018
diff__ASV__gunifrac_a0.5__minus__OTU__gunifrac_a1.0	0.0019902164580525026	0.04093057762428158	0.04093057762428158
diff__ASV__gunifrac_a0.5__minus__TIC__jaccard	-0.05674661391961204	0.17072100290919778	0.17072100290919778
diff__ASV__gunifrac_a0.5__minus__TIC__weighted_jaccard	-0.29063748599347117	0.17953089306572897	0.17953089306572897
diff__ASV__gunifrac_a0.5__minus__TIC__braycurtis	-0.14629619628884505	0.17349116956021024	0.17349116956021024
diff__ASV__gunifrac_a0.5__minus__TIC__gunifrac_a0.0	0.007406957713084487	0.1298965703712476	0.1298965703712476
diff__ASV__gunifrac_a0.5__minus__TIC__gunifrac_a0.5	0.034311597377057565	0.030832478748800417	0.030832478748800417
diff__ASV__gunifrac_a0.5__minus__TIC__gunifrac_a1.0	0.00181430138653595	0.0409736341907772	0.0409736341907772
diff__ASV__gunifrac_a0.5__minus__TAC__jaccard	-0.06176516890060091	0.17121738230324485	0.17121738230324485
diff__ASV__gunifrac_a0.5__minus__TAC__weighted_jaccard	-0.2952796302560847	0.18009288897362588	0.18009288897362588
diff__ASV__gunifrac_a0.5__minus__TAC__braycurtis	-0.1490793490456426	0.17255545804041178	0.17255545804041178
diff__ASV__gunifrac_a0.5__minus__TAC__gunifrac_a0.0	0.00674715390703433	0.13041239944219013	0.13041239944219013
diff__ASV__gunifrac_a0.5__minus__TAC__gunifrac_a0.5	0.03326164415757685	0.030673713486418966	0.030673713486418966
diff__ASV__gunifrac_a0.5__minus__TAC__gunifrac_a1.0	0.0010137692158964167	0.041081532641296534	0.041081532641296534
diff__ASV__gunifrac_a1.0__minus__zOTU__jaccard	-0.10350204484075579	0.18915746810344408	0.18915746810344408
diff__ASV__gunifrac_a1.0__minus__zOTU__weighted_jaccard	-0.31373989286866455	0.12737551712938733	0.12737551712938733
diff__ASV__gunifrac_a1.0__minus__zOTU__braycurtis	-0.15937510783717176	0.12377004154053926	0.12377004154053926
diff__ASV__gunifrac_a1.0__minus__zOTU__gunifrac_a0.0	0.025807300861249653	0.1532296651083214	0.1532296651083214
diff__ASV__gunifrac_a1.0__minus__zOTU__gunifrac_a0.5	0.06434222209841489	0.06067651645344138	0.06067651645344138
diff__ASV__gunifrac_a1.0__minus__zOTU__gunifrac_a1.0	0.03378777356712362	0.03141782867644926	0.03141782867644926
diff__ASV__gunifrac_a1.0__minus__OTU__jaccard	0.02363070853749489	0.1886027852282918	0.1886027852282918
diff__ASV__gunifrac_a1.0__minus__OTU__weighted_jaccard	-0.2626817101398078	0.15768364921932343	0.15768364921932343
diff__ASV__gunifrac_a1.0__minus__OTU__braycurtis	-0.11630236841398596	0.14944450725052744	0.14944450725052744
diff__ASV__gunifrac_a1.0__minus__OTU__gunifrac_a0.0	0.05496040849152965	0.14630836283208734	0.14630836283208734
diff__ASV__gunifrac_a1.0__minus__OTU__gunifrac_a0.5	0.0683974529437462	0.06131124760715231	0.06131124760715231
diff__ASV__gunifrac_a1.0__minus__OTU__gunifrac_a1.0	0.034512990197195795	0.03183418225518461	0.03183418225518461
diff__ASV__gunifrac_a1.0__minus__TIC__jaccard	-0.024223840180468744	0.16988384414502078	0.16988384414502078
diff__ASV__gunifrac_a1.0__minus__TIC__weighted_jaccard	-0.25811471225432786	0.15612709756987758	0.15612709756987758
diff__ASV__gunifrac_a1.0__minus__TIC__braycurtis	-0.11377342254970174	0.14933931983819815	0.14933931983819815
diff__ASV__gunifrac_a1.0__minus__TIC__gunifrac_a0.0	0.039929731452227786	0.14845539018559886	0.14845539018559886
diff__ASV__gunifrac_a1.0__minus__TIC__gunifrac_a0.5	0.06683437111620084	0.06037161657668994	0.06037161657668994
diff__ASV__gunifrac_a1.0__minus__TIC__gunifrac_a1.0	0.03433707512567924	0.031716276524943667	0.031716276524943667
diff__ASV__gunifrac_a1.0__minus__TAC__jaccard	-0.02924239516145763	0.17086005005228544	0.17086005005228544
diff__ASV__gunifrac_a1.0__minus__TAC__weighted_jaccard	-0.2627568565169413	0.1575594106310155	0.1575594106310155
diff__ASV__gunifrac_a1.0__minus__TAC__braycurtis	-0.11655657530649932	0.14935602379181837	0.14935602379181837
diff__ASV__gunifrac_a1.0__minus__TAC__gunifrac_a0.0	0.039269927646177614	0.14893199822680156	0.14893199822680156
diff__ASV__gunifrac_a1.0__minus__TAC__gunifrac_a0.5	0.06578441789672014	0.060108868531296294	0.060108868531296294
diff__ASV__gunifrac_a1.0__minus__TAC__gunifrac_a1.0	0.033536542955039716	0.03127244931692355	0.03127244931692355
diff__zOTU__jaccard__minus__zOTU__weighted_jaccard	-0.2102378480279087	0.18997349943327432	0.18997349943327432
diff__zOTU__jaccard__minus__zOTU__braycurtis	-0.05587306299641591	0.19857767364594536	0.19857767364594536
diff__zOTU__jaccard__minus__zOTU__gunifrac_a0.0	0.12930934570200547	0.161345453993827	0.161345453993827
diff__zOTU__jaccard__minus__zOTU__gunifrac_a0.5	0.16784426693917076	0.16653712332410922	0.16653712332410922
diff__zOTU__jaccard__minus__zOTU__gunifrac_a1.0	0.13728981840787943	0.1757461173288445	0.1757461173288445
diff__zOTU__jaccard__minus__OTU__jaccard	0.12713275337825075	0.12755017346562927	0.12755017346562927
diff__zOTU__jaccard__minus__OTU__weighted_jaccard	-0.159179665299052	0.24539420792283495	0.24539420792283495
diff__zOTU__jaccard__minus__OTU__braycurtis	-0.012800323573230103	0.24116879125694432	0.24116879125694432
diff__zOTU__jaccard__minus__OTU__gunifrac_a0.0	0.15846245333228548	0.1731269491604808	0.1731269491604808
diff__zOTU__jaccard__minus__OTU__gunifrac_a0.5	0.17189949778450195	0.17031487499526868	0.17031487499526868
diff__zOTU__jaccard__minus__OTU__gunifrac_a1.0	0.1380150350379516	0.17640515063200066	0.17640515063200066
diff__zOTU__jaccard__minus__TIC__jaccard	0.07927820466028707	0.07575668024527846	0.07575668024527846
diff__zOTU__jaccard__minus__TIC__weighted_jaccard	-0.15461266741357194	0.24775113674246382	0.24775113674246382
diff__zOTU__jaccard__minus__TIC__braycurtis	-0.010271377708945938	0.24392357987697383	0.24392357987697383
diff__zOTU__jaccard__minus__TIC__gunifrac_a0.0	0.1434317762929836	0.1665369640190123	0.1665369640190123
diff__zOTU__jaccard__minus__TIC__gunifrac_a0.5	0.1703364159569567	0.1686364648582761	0.1686364648582761
diff__zOTU__jaccard__minus__TIC__gunifrac_a1.0	0.13783911996643508	0.17609142685378143	0.17609142685378143
diff__zOTU__jaccard__minus__TAC__jaccard	0.07425964967929818	0.07536555933477852	0.07536555933477852
diff__zOTU__jaccard__minus__TAC__weighted_jaccard	-0.15925481167618546	0.24515175835482123	0.24515175835482123
diff__zOTU__jaccard__minus__TAC__braycurtis	-0.013054530465743484	0.2408479170440426	0.2408479170440426
diff__zOTU__jaccard__minus__TAC__gunifrac_a0.0	0.14277197248693344	0.1666959749649169	0.1666959749649169
diff__zOTU__jaccard__minus__TAC__gunifrac_a0.5	0.169286462737476	0.16751615985100426	0.16751615985100426
diff__zOTU__jaccard__minus__TAC__gunifrac_a1.0	0.13703858779579553	0.1751121944794567	0.1751121944794567
diff__zOTU__weighted_jaccard__minus__zOTU__braycurtis	0.15436478503149278	0.019790523010043838	0.019790523010043838
diff__zOTU__weighted_jaccard__minus__zOTU__gunifrac_a0.0	0.33954719372991415	0.20278469934900403	0.20278469934900403
diff__zOTU__weighted_jaccard__minus__zOTU__gunifrac_a0.5	0.37808211496707933	0.15315309872834995	0.15315309872834995
diff__zOTU__weighted_jaccard__minus__zOTU__gunifrac_a1.0	0.3475276664357881	0.13483527142290852	0.13483527142290852
diff__zOTU__weighted_jaccard__minus__OTU__jaccard	0.3373706014061594	0.19663228487754475	0.19663228487754475
diff__zOTU__weighted_jaccard__minus__OTU__weighted_jaccard	0.051058182728856635	0.0969247587872673	0.0969247587872673
diff__zOTU__weighted_jaccard__minus__OTU__braycurtis	0.1974375244546786	0.08528134393205768	0.08528134393205768
diff__zOTU__weighted_jaccard__minus__OTU__gunifrac_a0.0	0.3687003013601941	0.2037986057850789	0.2037986057850789
diff__zOTU__weighted_jaccard__minus__OTU__gunifrac_a0.5	0.3821373458124106	0.15446713861166889	0.15446713861166889
diff__zOTU__weighted_jaccard__minus__OTU__gunifrac_a1.0	0.3482528830658604	0.1352812857572051	0.1352812857572051
diff__zOTU__weighted_jaccard__minus__TIC__jaccard	0.28951605268819575	0.16720499114386808	0.16720499114386808
diff__zOTU__weighted_jaccard__minus__TIC__weighted_jaccard	0.055625180614336675	0.09351649611169892	0.09351649611169892
diff__zOTU__weighted_jaccard__minus__TIC__braycurtis	0.19996647031896272	0.08354173037835007	0.08354173037835007
diff__zOTU__weighted_jaccard__minus__TIC__gunifrac_a0.0	0.3536696243208923	0.20268263737799033	0.20268263737799033
diff__zOTU__weighted_jaccard__minus__TIC__gunifrac_a0.5	0.38057426398486527	0.15379259283297003	0.15379259283297003
diff__zOTU__weighted_jaccard__minus__TIC__gunifrac_a1.0	0.3480769679943438	0.13519761792679258	0.13519761792679258
diff__zOTU__weighted_jaccard__minus__TAC__jaccard	0.2844974977072069	0.16756823104506235	0.16756823104506235
diff__zOTU__weighted_jaccard__minus__TAC__weighted_jaccard	0.050983036351723174	0.09648125107544545	0.09648125107544545
diff__zOTU__weighted_jaccard__minus__TAC__braycurtis	0.19718331756216514	0.08475685795192178	0.08475685795192178
diff__zOTU__weighted_jaccard__minus__TAC__gunifrac_a0.0	0.35300982051484203	0.20302546504080457	0.20302546504080457
diff__zOTU__weighted_jaccard__minus__TAC__gunifrac_a0.5	0.3795243107653846	0.15360255220989302	0.15360255220989302
diff__zOTU__weighted_jaccard__minus__TAC__gunifrac_a1.0	0.3472764358237043	0.1350046893971228	0.1350046893971228
diff__zOTU__braycurtis__minus__zOTU__gunifrac_a0.0	0.18518240869842145	0.20842479288156704	0.20842479288156704
diff__zOTU__braycurtis__minus__zOTU__gunifrac_a0.5	0.22371732993558666	0.1531367528588197	0.1531367528588197
diff__zOTU__braycurtis__minus__zOTU__gunifrac_a1.0	0.19316288140429538	0.13236953906826232	0.13236953906826232
diff__zOTU__braycurtis__minus__OTU__jaccard	0.1830058163746667	0.20166965334039574	0.20166965334039574
diff__zOTU__braycurtis__minus__OTU__weighted_jaccard	-0.10330660230263612	0.09048961665380713	0.09048961665380713
diff__zOTU__braycurtis__minus__OTU__braycurtis	0.0430727394231858	0.07462668749497792	0.07462668749497792
diff__zOTU__braycurtis__minus__OTU__gunifrac_a0.0	0.21433551632870138	0.20836131621003282	0.20836131621003282
diff__zOTU__braycurtis__minus__OTU__gunifrac_a0.5	0.22777256078091795	0.15416056769046718	0.15416056769046718
diff__zOTU__braycurtis__minus__OTU__gunifrac_a1.0	0.19388809803436757	0.13276027744762936	0.13276027744762936
diff__zOTU__braycurtis__minus__TIC__jaccard	0.135151267656703	0.17361563283985565	0.17361563283985565
diff__zOTU__braycurtis__minus__TIC__weighted_jaccard	-0.09873960441715608	0.08670508102732662	0.08670508102732662
diff__zOTU__braycurtis__minus__TIC__braycurtis	0.04560168528746998	0.0723641154009171	0.0723641154009171
diff__zOTU__braycurtis__minus__TIC__gunifrac_a0.0	0.19930483928939957	0.20779197127094806	0.20779197127094806
diff__zOTU__braycurtis__minus__TIC__gunifrac_a0.5	0.22620947895337265	0.1535931347585503	0.1535931347585503
diff__zOTU__braycurtis__minus__TIC__gunifrac_a1.0	0.19371218296285098	0.1327054585893505	0.1327054585893505
diff__zOTU__braycurtis__minus__TAC__jaccard	0.1301327126757141	0.17374780654194386	0.17374780654194386
diff__zOTU__braycurtis__minus__TAC__weighted_jaccard	-0.10338174867976958	0.09015305803976867	0.09015305803976867
diff__zOTU__braycurtis__minus__TAC__braycurtis	0.042818532530672436	0.07418449563224963	0.07418449563224963
diff__zOTU__braycurtis__minus__TAC__gunifrac_a0.0	0.1986450354833493	0.20815381013857628	0.20815381013857628
diff__zOTU__braycurtis__minus__TAC__gunifrac_a0.5	0.22515952573389186	0.15349185637536997	0.15349185637536997
diff__zOTU__braycurtis__minus__TAC__gunifrac_a1.0	0.19291165079221148	0.13259105709866958	0.13259105709866958
diff__zOTU__gunifrac_a0.0__minus__zOTU__gunifrac_a0.5	0.038534921237165225	0.1296215815523201	0.1296215815523201
diff__zOTU__gunifrac_a0.0__minus__zOTU__gunifrac_a1.0	0.007980472705873957	0.14920651921853484	0.14920651921853484
diff__zOTU__gunifrac_a0.0__minus__OTU__jaccard	-0.002176592323754786	0.1284796325713299	0.1284796325713299
diff__zOTU__gunifrac_a0.0__minus__OTU__weighted_jaccard	-0.2884890110010575	0.2623757272893093	0.2623757272893093
diff__zOTU__gunifrac_a0.0__minus__OTU__braycurtis	-0.1421096692752356	0.2546494368655784	0.2546494368655784
diff__zOTU__gunifrac_a0.0__minus__OTU__gunifrac_a0.0	0.029153107630279975	0.033451321370788066	0.033451321370788066
diff__zOTU__gunifrac_a0.0__minus__OTU__gunifrac_a0.5	0.04259015208249651	0.13189829628267946	0.13189829628267946
diff__zOTU__gunifrac_a0.0__minus__OTU__gunifrac_a1.0	0.00870568933594612	0.15029337118171485	0.15029337118171485
diff__zOTU__gunifrac_a0.0__minus__TIC__jaccard	-0.050031141041718435	0.141942064153033	0.141942064153033
diff__zOTU__gunifrac_a0.0__minus__TIC__weighted_jaccard	-0.28392201311557747	0.26258850480072066	0.26258850480072066
diff__zOTU__gunifrac_a0.0__minus__TIC__braycurtis	-0.13958072341095143	0.2561568533585666	0.2561568533585666
diff__zOTU__gunifrac_a0.0__minus__TIC__gunifrac_a0.0	0.014122430590978105	0.02231907010798802	0.02231907010798802
diff__zOTU__gunifrac_a0.0__minus__TIC__gunifrac_a0.5	0.04102707025495118	0.13136487032787514	0.13136487032787514
diff__zOTU__gunifrac_a0.0__minus__TIC__gunifrac_a1.0	0.008529774264429578	0.15025833672486527	0.15025833672486527
diff__zOTU__gunifrac_a0.0__minus__TAC__jaccard	-0.05504969602270732	0.14473302150350595	0.14473302150350595
diff__zOTU__gunifrac_a0.0__minus__TAC__weighted_jaccard	-0.28856415737819097	0.2625440499638703	0.2625440499638703
diff__zOTU__gunifrac_a0.0__minus__TAC__braycurtis	-0.14236387616774898	0.2548216183793708	0.2548216183793708
diff__zOTU__gunifrac_a0.0__minus__TAC__gunifrac_a0.0	0.013462626784927953	0.022160003924641812	0.022160003924641812
diff__zOTU__gunifrac_a0.0__minus__TAC__gunifrac_a0.5	0.03997711703547047	0.13008856580484368	0.13008856580484368
diff__zOTU__gunifrac_a0.0__minus__TAC__gunifrac_a1.0	0.007729242093790032	0.14959573903005108	0.14959573903005108
diff__zOTU__gunifrac_a0.5__minus__zOTU__gunifrac_a1.0	-0.030554448531291273	0.04134741380883029	0.04134741380883029
diff__zOTU__gunifrac_a0.5__minus__OTU__jaccard	-0.04071151356092001	0.16965524717728994	0.16965524717728994
diff__zOTU__gunifrac_a0.5__minus__OTU__weighted_jaccard	-0.3270239322382228	0.1940070505489667	0.1940070505489667
diff__zOTU__gunifrac_a0.5__minus__OTU__braycurtis	-0.18064459051240084	0.18680555416134026	0.18680555416134026
diff__zOTU__gunifrac_a0.5__minus__OTU__gunifrac_a0.0	-0.009381813606885272	0.11729025770056489	0.11729025770056489
diff__zOTU__gunifrac_a0.5__minus__OTU__gunifrac_a0.5	0.004055230845331289	0.0047195100392597375	0.0047195100392597375
diff__zOTU__gunifrac_a0.5__minus__OTU__gunifrac_a1.0	-0.029829231901219107	0.0416259329626556	0.0416259329626556
diff__zOTU__gunifrac_a0.5__minus__TIC__jaccard	-0.08856606227888364	0.16014793047454876	0.16014793047454876
diff__zOTU__gunifrac_a0.5__minus__TIC__weighted_jaccard	-0.32245693435274275	0.19526626432479963	0.19526626432479963
diff__zOTU__gunifrac_a0.5__minus__TIC__braycurtis	-0.17811564464811666	0.18929723262758832	0.18929723262758832
diff__zOTU__gunifrac_a0.5__minus__TIC__gunifrac_a0.0	-0.02441249064618713	0.12361620632082966	0.12361620632082966
diff__zOTU__gunifrac_a0.5__minus__TIC__gunifrac_a0.5	0.002492149017785954	0.0031317911143360516	0.0031317911143360516
diff__zOTU__gunifrac_a0.5__minus__TIC__gunifrac_a1.0	-0.030005146972735656	0.0415940590261275	0.0415940590261275
diff__zOTU__gunifrac_a0.5__minus__TAC__jaccard	-0.09358461725987252	0.15954754192664594	0.15954754192664594
diff__zOTU__gunifrac_a0.5__minus__TAC__weighted_jaccard	-0.32709907861535636	0.19431702083449087	0.19431702083449087
diff__zOTU__gunifrac_a0.5__minus__TAC__braycurtis	-0.1808987974049142	0.18714558394633632	0.18714558394633632
diff__zOTU__gunifrac_a0.5__minus__TAC__gunifrac_a0.0	-0.025072294452237284	0.12423447088443104	0.12423447088443104
diff__zOTU__gunifrac_a0.5__minus__TAC__gunifrac_a0.5	0.0014421957983052406	0.0028917134498949123	0.0028917134498949123
diff__zOTU__gunifrac_a0.5__minus__TAC__gunifrac_a1.0	-0.030805679143375182	0.04166126452006577	0.04166126452006577
diff__zOTU__gunifrac_a1.0__minus__OTU__jaccard	-0.010157065029628733	0.17619554463933362	0.17619554463933362
diff__zOTU__gunifrac_a1.0__minus__OTU__weighted_jaccard	-0.2964694837069316	0.1662932731735768	0.1662932731735768
diff__zOTU__gunifrac_a1.0__minus__OTU__braycurtis	-0.15009014198110954	0.15858792383688608	0.15858792383688608
diff__zOTU__gunifrac_a1.0__minus__OTU__gunifrac_a0.0	0.021172634924406023	0.1395659054687123	0.1395659054687123
diff__zOTU__gunifrac_a1.0__minus__OTU__gunifrac_a0.5	0.034609679376622564	0.0415521881476166	0.0415521881476166
diff__zOTU__gunifrac_a1.0__minus__OTU__gunifrac_a1.0	0.0007252166300721703	0.0017551952109959772	0.0017551952109959772
diff__zOTU__gunifrac_a1.0__minus__TIC__jaccard	-0.058011613747592373	0.16237387795825914	0.16237387795825914
diff__zOTU__gunifrac_a1.0__minus__TIC__weighted_jaccard	-0.29190248582145145	0.16757075665087826	0.16757075665087826
diff__zOTU__gunifrac_a1.0__minus__TIC__braycurtis	-0.14756119611682542	0.160932349778329	0.160932349778329
diff__zOTU__gunifrac_a1.0__minus__TIC__gunifrac_a0.0	0.0061419578851041505	0.14386567819999876	0.14386567819999876
diff__zOTU__gunifrac_a1.0__minus__TIC__gunifrac_a0.5	0.033046597549077225	0.04094685169330456	0.04094685169330456
diff__zOTU__gunifrac_a1.0__minus__TIC__gunifrac_a1.0	0.0005493015585556171	0.0017087606087950445	0.0017087606087950445
diff__zOTU__gunifrac_a1.0__minus__TAC__jaccard	-0.06303016872858125	0.16127506642497727	0.16127506642497727
diff__zOTU__gunifrac_a1.0__minus__TAC__weighted_jaccard	-0.29654463008406495	0.16663877450729847	0.16663877450729847
diff__zOTU__gunifrac_a1.0__minus__TAC__braycurtis	-0.15034434887362294	0.15894268830736458	0.15894268830736458
diff__zOTU__gunifrac_a1.0__minus__TAC__gunifrac_a0.0	0.00548215407905399	0.144402514737267	0.144402514737267
diff__zOTU__gunifrac_a1.0__minus__TAC__gunifrac_a0.5	0.03199664432959651	0.04101760164466698	0.04101760164466698
diff__zOTU__gunifrac_a1.0__minus__TAC__gunifrac_a1.0	-0.00025123061208391574	0.0024811328221799114	0.0024811328221799114
diff__OTU__jaccard__minus__OTU__weighted_jaccard	-0.2863124186773027	0.2498659146503262	0.2498659146503262
diff__OTU__jaccard__minus__OTU__braycurtis	-0.13993307695148083	0.24099003685408582	0.24099003685408582
diff__OTU__jaccard__minus__OTU__gunifrac_a0.0	0.03132969995403476	0.13288666494233628	0.13288666494233628
diff__OTU__jaccard__minus__OTU__gunifrac_a0.5	0.0447667444062513	0.17227392336967076	0.17227392336967076
diff__OTU__jaccard__minus__OTU__gunifrac_a1.0	0.010882281659700914	0.17710976074421342	0.17710976074421342
diff__OTU__jaccard__minus__TIC__jaccard	-0.04785454871796364	0.09954066166728001	0.09954066166728001
diff__OTU__jaccard__minus__TIC__weighted_jaccard	-0.28174542079182274	0.25595925170364703	0.25595925170364703
diff__OTU__jaccard__minus__TIC__braycurtis	-0.13740413108719665	0.24776073848101027	0.24776073848101027
diff__OTU__jaccard__minus__TIC__gunifrac_a0.0	0.016299022914732904	0.13189336356063444	0.13189336356063444
diff__OTU__jaccard__minus__TIC__gunifrac_a0.5	0.043203662578705955	0.17176715217729732	0.17176715217729732
diff__OTU__jaccard__minus__TIC__gunifrac_a1.0	0.010706366588184366	0.17700175689991685	0.17700175689991685
diff__OTU__jaccard__minus__TAC__jaccard	-0.05287310369895252	0.09438755467633032	0.09438755467633032
diff__OTU__jaccard__minus__TAC__weighted_jaccard	-0.2863875650544362	0.25070172771102817	0.25070172771102817
diff__OTU__jaccard__minus__TAC__braycurtis	-0.14018728384399418	0.24174512813274598	0.24174512813274598
diff__OTU__jaccard__minus__TAC__gunifrac_a0.0	0.015639219108682736	0.13190934367326343	0.13190934367326343
diff__OTU__jaccard__minus__TAC__gunifrac_a0.5	0.04215370935922526	0.1706799618143142	0.1706799618143142
diff__OTU__jaccard__minus__TAC__gunifrac_a1.0	0.009905834417544824	0.1762754872820278	0.1762754872820278
diff__OTU__weighted_jaccard__minus__OTU__braycurtis	0.14637934172582195	0.02579256396857522	0.02579256396857522
diff__OTU__weighted_jaccard__minus__OTU__gunifrac_a0.0	0.31764211863133746	0.26236492647278026	0.26236492647278026
diff__OTU__weighted_jaccard__minus__OTU__gunifrac_a0.5	0.33107916308355406	0.19443420823908272	0.19443420823908272
diff__OTU__weighted_jaccard__minus__OTU__gunifrac_a1.0	0.2971947003370037	0.16615477034940787	0.16615477034940787
diff__OTU__weighted_jaccard__minus__TIC__jaccard	0.2384578699593391	0.21976471254154895	0.21976471254154895
diff__OTU__weighted_jaccard__minus__TIC__weighted_jaccard	0.004566997885480047	0.02224718668421385	0.02224718668421385
diff__OTU__weighted_jaccard__minus__TIC__braycurtis	0.14890828759010613	0.034799425986729846	0.034799425986729846
diff__OTU__weighted_jaccard__minus__TIC__gunifrac_a0.0	0.3026114415920357	0.2604332150379076	0.2604332150379076
diff__OTU__weighted_jaccard__minus__TIC__gunifrac_a0.5	0.32951608125600873	0.19374779003341663	0.19374779003341663
diff__OTU__weighted_jaccard__minus__TIC__gunifrac_a1.0	0.2970187852654871	0.16610776696301285	0.16610776696301285
diff__OTU__weighted_jaccard__minus__TAC__jaccard	0.2334393149783502	0.21770843467903236	0.21770843467903236
diff__OTU__weighted_jaccard__minus__TAC__weighted_jaccard	-7.514637713344866e-05	0.004383043280298187	0.004383043280298187
diff__OTU__weighted_jaccard__minus__TAC__braycurtis	0.14612513483330858	0.02574727076896382	0.02574727076896382
diff__OTU__weighted_jaccard__minus__TAC__gunifrac_a0.0	0.3019516377859855	0.2607097081595689	0.2607097081595689
diff__OTU__weighted_jaccard__minus__TAC__gunifrac_a0.5	0.3284661280365281	0.19367018163647876	0.19367018163647876
diff__OTU__weighted_jaccard__minus__TAC__gunifrac_a1.0	0.29621825309484756	0.16588986372130213	0.16588986372130213
diff__OTU__braycurtis__minus__OTU__gunifrac_a0.0	0.17126277690551564	0.25391264111774803	0.25391264111774803
diff__OTU__braycurtis__minus__OTU__gunifrac_a0.5	0.18469982135773216	0.18714456503093013	0.18714456503093013
diff__OTU__braycurtis__minus__OTU__gunifrac_a1.0	0.1508153586111817	0.1585456738170979	0.1585456738170979
diff__OTU__braycurtis__minus__TIC__jaccard	0.09207852823351718	0.2129757718194459	0.2129757718194459
diff__OTU__braycurtis__minus__TIC__weighted_jaccard	-0.14181234384034186	0.03113453371060397	0.03113453371060397
diff__OTU__braycurtis__minus__TIC__braycurtis	0.0025289458642841684	0.019744512046729907	0.019744512046729907
diff__OTU__braycurtis__minus__TIC__gunifrac_a0.0	0.15623209986621373	0.25264974486275	0.25264974486275
diff__OTU__braycurtis__minus__TIC__gunifrac_a0.5	0.1831367395301868	0.1865735674312246	0.1865735674312246
diff__OTU__braycurtis__minus__TIC__gunifrac_a1.0	0.15063944353966519	0.15852274950942996	0.15852274950942996
diff__OTU__braycurtis__minus__TAC__jaccard	0.08705997325252834	0.21106568630053668	0.21106568630053668
diff__OTU__braycurtis__minus__TAC__weighted_jaccard	-0.14645448810295542	0.02652907955418191	0.02652907955418191
diff__OTU__braycurtis__minus__TAC__braycurtis	-0.0002542068925133635	0.004070013233115675	0.004070013233115675
diff__OTU__braycurtis__minus__TAC__gunifrac_a0.0	0.15557229606016354	0.2529634308284046	0.2529634308284046
diff__OTU__braycurtis__minus__TAC__gunifrac_a0.5	0.18208678631070613	0.18655384642928305	0.18655384642928305
diff__OTU__braycurtis__minus__TAC__gunifrac_a1.0	0.14983891136902563	0.15838546614404916	0.15838546614404916
diff__OTU__gunifrac_a0.0__minus__OTU__gunifrac_a0.5	0.013437044452216558	0.11881514753479976	0.11881514753479976
diff__OTU__gunifrac_a0.0__minus__OTU__gunifrac_a1.0	-0.020447418294333858	0.1405973653940798	0.1405973653940798
diff__OTU__gunifrac_a0.0__minus__TIC__jaccard	-0.07918424867199837	0.15574994611189638	0.15574994611189638
diff__OTU__gunifrac_a0.0__minus__TIC__weighted_jaccard	-0.3130751207458574	0.26355204773524415	0.26355204773524415
diff__OTU__gunifrac_a0.0__minus__TIC__braycurtis	-0.16873383104123138	0.2563545168369021	0.2563545168369021
diff__OTU__gunifrac_a0.0__minus__TIC__gunifrac_a0.0	-0.015030677039301865	0.024160631788129747	0.024160631788129747
diff__OTU__gunifrac_a0.0__minus__TIC__gunifrac_a0.5	0.011873962624671226	0.11869311327384015	0.11869311327384015
diff__OTU__gunifrac_a0.0__minus__TIC__gunifrac_a1.0	-0.020623333365850406	0.14060670936217215	0.14060670936217215
diff__OTU__gunifrac_a0.0__minus__TAC__jaccard	-0.08420280365298728	0.15722882525209209	0.15722882525209209
diff__OTU__gunifrac_a0.0__minus__TAC__weighted_jaccard	-0.3177172650084709	0.262749154567991	0.262749154567991
diff__OTU__gunifrac_a0.0__minus__TAC__braycurtis	-0.1715169837980289	0.2542983573235033	0.2542983573235033
diff__OTU__gunifrac_a0.0__minus__TAC__gunifrac_a0.0	-0.015690480845352024	0.025212597086350746	0.025212597086350746
diff__OTU__gunifrac_a0.0__minus__TAC__gunifrac_a0.5	0.010824009405190502	0.11764295554300612	0.11764295554300612
diff__OTU__gunifrac_a0.0__minus__TAC__gunifrac_a1.0	-0.021423865536489926	0.14011814851588117	0.14011814851588117
diff__OTU__gunifrac_a0.5__minus__OTU__gunifrac_a1.0	-0.033884462746550395	0.04174209166390314	0.04174209166390314
diff__OTU__gunifrac_a0.5__minus__TIC__jaccard	-0.09262129312421495	0.16387568197940228	0.16387568197940228
diff__OTU__gunifrac_a0.5__minus__TIC__weighted_jaccard	-0.32651216519807397	0.19584196487410288	0.19584196487410288
diff__OTU__gunifrac_a0.5__minus__TIC__braycurtis	-0.1821708754934479	0.18976840214038748	0.18976840214038748
diff__OTU__gunifrac_a0.5__minus__TIC__gunifrac_a0.0	-0.02846772149151842	0.1256201759455856	0.1256201759455856
diff__OTU__gunifrac_a0.5__minus__TIC__gunifrac_a0.5	-0.0015630818275453357	0.003271798006334487	0.003271798006334487
diff__OTU__gunifrac_a0.5__minus__TIC__gunifrac_a1.0	-0.03406037781806696	0.04176432563984638	0.04176432563984638
diff__OTU__gunifrac_a0.5__minus__TAC__jaccard	-0.0976398481052038	0.16305828183761154	0.16305828183761154
diff__OTU__gunifrac_a0.5__minus__TAC__weighted_jaccard	-0.3311543094606876	0.19480328474952313	0.19480328474952313
diff__OTU__gunifrac_a0.5__minus__TAC__braycurtis	-0.1849540282502455	0.1875439006998807	0.1875439006998807
diff__OTU__gunifrac_a0.5__minus__TAC__gunifrac_a0.0	-0.02912752529756856	0.12624302368654303	0.12624302368654303
diff__OTU__gunifrac_a0.5__minus__TAC__gunifrac_a0.5	-0.002613035047026049	0.004902750511125658	0.004902750511125658
diff__OTU__gunifrac_a0.5__minus__TAC__gunifrac_a1.0	-0.03486090998870649	0.04199375751772844	0.04199375751772844
diff__OTU__gunifrac_a1.0__minus__TIC__jaccard	-0.05873683037766456	0.16342765855859004	0.16342765855859004
diff__OTU__gunifrac_a1.0__minus__TIC__weighted_jaccard	-0.29262770245152364	0.16746029895866896	0.16746029895866896
diff__OTU__gunifrac_a1.0__minus__TIC__braycurtis	-0.14828641274689755	0.1609116270931685	0.1609116270931685
diff__OTU__gunifrac_a1.0__minus__TIC__gunifrac_a0.0	0.005416741255031986	0.14496268852934374	0.14496268852934374
diff__OTU__gunifrac_a1.0__minus__TIC__gunifrac_a0.5	0.032321380919005056	0.04118945311668369	0.04118945311668369
diff__OTU__gunifrac_a1.0__minus__TIC__gunifrac_a1.0	-0.00017591507151655335	0.0006794431512208013	0.0006794431512208013
diff__OTU__gunifrac_a1.0__minus__TAC__jaccard	-0.06375538535865344	0.1622851340595728	0.1622851340595728
diff__OTU__gunifrac_a1.0__minus__TAC__weighted_jaccard	-0.29726984671413703	0.16651376974258736	0.16651376974258736
diff__OTU__gunifrac_a1.0__minus__TAC__braycurtis	-0.15106956550369513	0.15891422512434172	0.15891422512434172
diff__OTU__gunifrac_a1.0__minus__TAC__gunifrac_a0.0	0.004756937448981829	0.14549318905005612	0.14549318905005612
diff__OTU__gunifrac_a1.0__minus__TAC__gunifrac_a0.5	0.031271427699524346	0.04129229020905674	0.04129229020905674
diff__OTU__gunifrac_a1.0__minus__TAC__gunifrac_a1.0	-0.0009764472421560862	0.002447188264470818	0.002447188264470818
diff__TIC__jaccard__minus__TIC__weighted_jaccard	-0.23389087207385906	0.22155284601792438	0.22155284601792438
diff__TIC__jaccard__minus__TIC__braycurtis	-0.08954958236923301	0.2154684495304893	0.2154684495304893
diff__TIC__jaccard__minus__TIC__gunifrac_a0.0	0.06415357163269654	0.14562274109794182	0.14562274109794182
diff__TIC__jaccard__minus__TIC__gunifrac_a0.5	0.09105821129666959	0.16197935778510358	0.16197935778510358
diff__TIC__jaccard__minus__TIC__gunifrac_a1.0	0.05856091530614797	0.16311715638004762	0.16311715638004762
diff__TIC__jaccard__minus__TAC__jaccard	-0.005018554980988874	0.017048291888411848	0.017048291888411848
diff__TIC__jaccard__minus__TAC__weighted_jaccard	-0.23853301633647253	0.2192847679863212	0.2192847679863212
diff__TIC__jaccard__minus__TAC__braycurtis	-0.09233273512603056	0.21242720309155097	0.21242720309155097
diff__TIC__jaccard__minus__TAC__gunifrac_a0.0	0.06349376782664638	0.14582874564277765	0.14582874564277765
diff__TIC__jaccard__minus__TAC__gunifrac_a0.5	0.09000825807718889	0.160705693800938	0.160705693800938
diff__TIC__jaccard__minus__TAC__gunifrac_a1.0	0.057760383135508464	0.16202153967824337	0.16202153967824337
diff__TIC__weighted_jaccard__minus__TIC__braycurtis	0.14434128970462604	0.025451564845863053	0.025451564845863053
diff__TIC__weighted_jaccard__minus__TIC__gunifrac_a0.0	0.29804444370655564	0.26099819209287894	0.26099819209287894
diff__TIC__weighted_jaccard__minus__TIC__gunifrac_a0.5	0.3249490833705287	0.19505292217718134	0.19505292217718134
diff__TIC__weighted_jaccard__minus__TIC__gunifrac_a1.0	0.2924517873800071	0.16739595552097694	0.16739595552097694
diff__TIC__weighted_jaccard__minus__TAC__jaccard	0.22887231709287018	0.22093866860273118	0.22093866860273118
diff__TIC__weighted_jaccard__minus__TAC__weighted_jaccard	-0.004642144262613495	0.0192224690936785	0.0192224690936785
diff__TIC__weighted_jaccard__minus__TAC__braycurtis	0.14155813694782854	0.028941375047986023	0.028941375047986023
diff__TIC__weighted_jaccard__minus__TAC__gunifrac_a0.0	0.29738463990050545	0.2612625438971881	0.2612625438971881
diff__TIC__weighted_jaccard__minus__TAC__gunifrac_a0.5	0.323899130151048	0.1949498226488218	0.1949498226488218
diff__TIC__weighted_jaccard__minus__TAC__gunifrac_a1.0	0.2916512552093676	0.16716150905861024	0.16716150905861024
diff__TIC__braycurtis__minus__TIC__gunifrac_a0.0	0.1537031540019296	0.25449277191465425	0.25449277191465425
diff__TIC__braycurtis__minus__TIC__gunifrac_a0.5	0.18060779366590266	0.1890999102580866	0.1890999102580866
diff__TIC__braycurtis__minus__TIC__gunifrac_a1.0	0.14811049767538098	0.16087531189283003	0.16087531189283003
diff__TIC__braycurtis__minus__TAC__jaccard	0.08453102738824414	0.21478119328365528	0.21478119328365528
diff__TIC__braycurtis__minus__TAC__weighted_jaccard	-0.14898343396723954	0.03354755643307486	0.03354755643307486
diff__TIC__braycurtis__minus__TAC__braycurtis	-0.002783152756797532	0.017146413613385775	0.017146413613385775
diff__TIC__braycurtis__minus__TAC__gunifrac_a0.0	0.15304335019587936	0.25479535451932583	0.25479535451932583
diff__TIC__braycurtis__minus__TAC__gunifrac_a0.5	0.17955784044642192	0.18905967142503421	0.18905967142503421
diff__TIC__braycurtis__minus__TAC__gunifrac_a1.0	0.14730996550474154	0.16072455054784898	0.16072455054784898
diff__TIC__gunifrac_a0.0__minus__TIC__gunifrac_a0.5	0.026904639663973072	0.12504398805615996	0.12504398805615996
diff__TIC__gunifrac_a0.0__minus__TIC__gunifrac_a1.0	-0.005592656326548535	0.14492773992968946	0.14492773992968946
diff__TIC__gunifrac_a0.0__minus__TAC__jaccard	-0.06917212661368544	0.1480746477248095	0.1480746477248095
diff__TIC__gunifrac_a0.0__minus__TAC__weighted_jaccard	-0.3026865879691691	0.2606202522007669	0.2606202522007669
diff__TIC__gunifrac_a0.0__minus__TAC__braycurtis	-0.15648630675872705	0.25283971865588717	0.25283971865588717
diff__TIC__gunifrac_a0.0__minus__TAC__gunifrac_a0.0	-0.0006598038060501599	0.001972804276162744	0.001972804276162744
diff__TIC__gunifrac_a0.0__minus__TAC__gunifrac_a0.5	0.025854686444492365	0.12372024891934084	0.12372024891934084
diff__TIC__gunifrac_a0.0__minus__TAC__gunifrac_a1.0	-0.00639318849718807	0.14423857933598005	0.14423857933598005
diff__TIC__gunifrac_a0.5__minus__TIC__gunifrac_a1.0	-0.03249729599052161	0.041165875360771174	0.041165875360771174
diff__TIC__gunifrac_a0.5__minus__TAC__jaccard	-0.09607676627765843	0.1613266538912981	0.1613266538912981
diff__TIC__gunifrac_a0.5__minus__TAC__weighted_jaccard	-0.32959122763314225	0.19406068224413933	0.19406068224413933
diff__TIC__gunifrac_a0.5__minus__TAC__braycurtis	-0.18339094642270018	0.18691611928591856	0.18691611928591856
diff__TIC__gunifrac_a0.5__minus__TAC__gunifrac_a0.0	-0.027564443470023226	0.12567453506214799	0.12567453506214799
diff__TIC__gunifrac_a0.5__minus__TAC__gunifrac_a0.5	-0.0010499532194807133	0.002224957734605031	0.002224957734605031
diff__TIC__gunifrac_a0.5__minus__TAC__gunifrac_a1.0	-0.03329782816116114	0.04127693891114053	0.04127693891114053
diff__TIC__gunifrac_a1.0__minus__TAC__jaccard	-0.06357947028713687	0.16201405694949084	0.16201405694949084
diff__TIC__gunifrac_a1.0__minus__TAC__weighted_jaccard	-0.2970939316426206	0.16645331027584356	0.16645331027584356
diff__TIC__gunifrac_a1.0__minus__TAC__braycurtis	-0.15089365043217853	0.15887771971981943	0.15887771971981943
diff__TIC__gunifrac_a1.0__minus__TAC__gunifrac_a0.0	0.0049328525204983785	0.14546131749566313	0.14546131749566313
diff__TIC__gunifrac_a1.0__minus__TAC__gunifrac_a0.5	0.031447342771040894	0.041255717232393685	0.041255717232393685
diff__TIC__gunifrac_a1.0__minus__TAC__gunifrac_a1.0	-0.0008005321706395327	0.0019310698091439093	0.0019310698091439093
diff__TAC__jaccard__minus__TAC__weighted_jaccard	-0.23351446135548365	0.2175188634643401	0.2175188634643401
diff__TAC__jaccard__minus__TAC__braycurtis	-0.08731418014504168	0.21078978374271742	0.21078978374271742
diff__TAC__jaccard__minus__TAC__gunifrac_a0.0	0.06851232280763526	0.14825217702720464	0.14825217702720464
diff__TAC__jaccard__minus__TAC__gunifrac_a0.5	0.09502681305817778	0.1601137637873215	0.1601137637873215
diff__TAC__jaccard__minus__TAC__gunifrac_a1.0	0.06277893811649735	0.16099425290260433	0.16099425290260433
diff__TAC__weighted_jaccard__minus__TAC__braycurtis	0.14620028121044204	0.02580569151857411	0.02580569151857411
diff__TAC__weighted_jaccard__minus__TAC__gunifrac_a0.0	0.30202678416311896	0.2609033795721729	0.2609033795721729
diff__TAC__weighted_jaccard__minus__TAC__gunifrac_a0.5	0.32854127441366143	0.19397085909388193	0.19397085909388193
diff__TAC__weighted_jaccard__minus__TAC__gunifrac_a1.0	0.29629339947198097	0.16621347965283695	0.16621347965283695
diff__TAC__braycurtis__minus__TAC__gunifrac_a0.0	0.15582650295267694	0.25316073820548923	0.25316073820548923
diff__TAC__braycurtis__minus__TAC__gunifrac_a0.5	0.18234099320321942	0.18688379894511398	0.18688379894511398
diff__TAC__braycurtis__minus__TAC__gunifrac_a1.0	0.15009311826153904	0.15871688861497274	0.15871688861497274
diff__TAC__gunifrac_a0.0__minus__TAC__gunifrac_a0.5	0.02651449025054252	0.12433713838961695	0.12433713838961695
diff__TAC__gunifrac_a0.0__minus__TAC__gunifrac_a1.0	-0.005733384691137906	0.14477115425617837	0.14477115425617837
diff__TAC__gunifrac_a0.5__minus__TAC__gunifrac_a1.0	-0.03224787494168043	0.04127687927128813	0.04127687927128813
