Feature	Even1	Even2	Staggered1	Staggered2
Zotu1	4879.864433333733	5052.534019350535	7142.573008667839	7045.275085301671
Zotu3	130.95452201959162	134.46315137971195	749.1377303147616	775.7068276970796
Zotu5	43.85134027952631	47.97868244065266	596.3423880984043	581.7917404949382
Zotu4	90.46836844398084	78.88567876094837	559.5571928666997	580.1856366807257
Zotu7	64.27426671302791	69.23167175746237	374.87772774882615	413.65694345533353
Zotu8	263.6276073202802	260.46920363891496	149.0211092307828	157.29488737390665
Zotu11	136.9175369391189	140.06971988418343	85.73482483418151	90.73711902158841
Zotu9	214.50067743366546	219.947572284968	139.72129054330625	141.5695300932728
Zotu12	151.16962219584428	139.5893818521992	72.538585762317	77.54227900450483
Zotu2	2074.4177867302933	1791.2277676329336	90.08605386970885	93.45355183919544
Zotu13	225.99506812304912	233.4442835443277	10.684609207363557	13.33427668262614
Zotu15	198.8577549168895	193.1667584033564	10.474175353851313	10.307984608257852
Zotu16	165.38174086463718	172.97681227208548	9.815721038022682	9.745073625141567
Zotu6	568.0451142844582	668.4258062788842	4.2561943920056855	4.10563515208667
Zotu10	250.9422123105084	256.61075059510733	1.5477070516384313	1.2291083851529905
Zotu21	22.4612224180585	28.450185402605953	1.072533834030141	1.3530520878574936
Zotu17	95.51215184106088	100.44576944246928	0.7263362040583866	0.6971833277128308
Zotu14	238.28879057108256	218.25457758207284	0.48196140643126584	0.6661974020367049
Zotu23	0.03996658793248844	0.11811590950431478	0.3597740076177055	0.315023577707279
Zotu24	0.06394654069198151	0.03937196983477159	0.27152755291902303	0.2220658006789016
Zotu18	91.5714462709175	95.79200260799928	0.3529858187947299	0.2427230844629855
Zotu19	49.66248216491014	52.13636245520455	0.16970472057438937	0.23239444257094358
Zotu20	42.236690127053784	44.68718576246576	0.14934015410546264	0.3098592567612581
Zotu22	0.8233117114092618	1.0079224277701526	0.047517321760829026	0.025821604730104843
Zotu25	0.0719398582784792	0.047246363801725914	0.0	0.0
