community_id	sample_id	sample_key	community_label	sample_label	point_id	distance__ASV__jaccard	distance__ASV__weighted_jaccard	distance__ASV__braycurtis	distance__ASV__gunifrac_a0.0	distance__ASV__gunifrac_a0.5	distance__ASV__gunifrac_a1.0	distance__zOTU__jaccard	distance__zOTU__weighted_jaccard	distance__zOTU__braycurtis	distance__zOTU__gunifrac_a0.0	distance__zOTU__gunifrac_a0.5	distance__zOTU__gunifrac_a1.0	distance__OTU__jaccard	distance__OTU__weighted_jaccard	distance__OTU__braycurtis	distance__OTU__gunifrac_a0.0	distance__OTU__gunifrac_a0.5	distance__OTU__gunifrac_a1.0	distance__TIC__jaccard	distance__TIC__weighted_jaccard	distance__TIC__braycurtis	distance__TIC__gunifrac_a0.0	distance__TIC__gunifrac_a0.5	distance__TIC__gunifrac_a1.0	distance__TAC__jaccard	distance__TAC__weighted_jaccard	distance__TAC__braycurtis	distance__TAC__gunifrac_a0.0	distance__TAC__gunifrac_a0.5	distance__TAC__gunifrac_a1.0	mean_distance	profile_range	profile_sd	mean_agnostic_distance	mean_aware_distance	mean_sensitivity
mock-12	Mock 3	mock-12|Mock 3	Mock 3	Mock 3	mock-12|Mock 3	0.4054054054054054	0.5813116192427161	0.4097528584342227	0.1702339487823776	0.0473735777897354	0.0388197723745069	0.5116279069767442	0.5535661474095175	0.3827110008647207	0.4523202526545911	0.0400220056211182	0.0218021134692067	0.5625	0.107722542189989	0.0569274562487573	0.4157508027601292	0.0318234888694624	0.0149231175984195	0.4848484848484848	0.1065056534046908	0.0562482024814063	0.419798671290906	0.0316130104716645	0.014894799539651	0.4848484848484848	0.1065056534046908	0.0562482024814063	0.4193865669790065	0.0328815249837726	0.0149619674736387	0.23444450796331404	0.5664168197030651	0.21090783960775147	0.32444864121608236	0.14444037471054574	0.1800082665055366
mock-13	Mock 4	mock-13|Mock 4	Mock 4	Mock 4	mock-13|Mock 4	0.4634146341463414	0.5721827494619218	0.4007394848649522	0.4465009136556571	0.1892166234522106	0.2223213465013021	0.3333333333333333	0.4984922187223954	0.3319944291585607	0.3893630426052051	0.1357284997280007	0.1614498910426628	0.2857142857142857	0.4506543439682856	0.2908675299239106	0.2816960826368101	0.1272590505995386	0.1598030920317434	0.2857142857142857	0.4506594206809901	0.2908717596999045	0.2816960826368102	0.1272560252163183	0.1597936719674929	0.2857142857142857	0.4506594206809901	0.2908717596999045	0.2816960826368101	0.1272560252163183	0.1597936719674928	0.29775713477929067	0.44492672424560353	0.12445983906430172	0.37879226276562317	0.2167220067929582	0.16207025597266497
mock-14	Mock 5	mock-14|Mock 5	Mock 5	Mock 5	mock-14|Mock 5	0.5416666666666667	0.5828416408820649	0.411274884794693	0.54278507129532	0.2063123983276875	0.2230509937131307	0.4634146341463414	0.5152665631452374	0.3470431461668773	0.4691393522608448	0.1492744303865898	0.1555293438237626	0.4444444444444444	0.4681466124680719	0.3056079754618908	0.3896651358785797	0.1365739692535593	0.1528444553512826	0.4594594594594594	0.4681686824250677	0.3056267860917175	0.4577902667186587	0.1419116204070767	0.1529200846689317	0.4594594594594594	0.4681686824250678	0.3056267860917176	0.4634504018957559	0.151856604136143	0.159218445690631	0.3499512999312244	0.4462676716285056	0.14720549137372835	0.43641442827525184	0.26348817158719695	0.1729262566880549
mock-15	Mock 6	mock-15|Mock 6	Mock 6	Mock 6	mock-15|Mock 6	0.3529411764705882	0.5942956778065092	0.4227743120823286	0.4149095517245996	0.2013665738478244	0.2613243500925848	0.4054054054054054	0.5198589427374616	0.3512225677321051	0.4219127030016218	0.1538401455948512	0.2008345761880055	0.3548387096774194	0.4710685509196678	0.3081031207795616	0.325236872389483	0.1462976555992892	0.1994625564208491	0.375	0.471077433758687	0.3081107206866458	0.4075343258985073	0.149409479483942	0.1994830613079779	0.375	0.471077433758687	0.3081107206866459	0.415122186727028	0.1548258070190621	0.201772743770876	0.3314072453856071	0.44799802220721996	0.12005535250042272	0.40592565150011417	0.2568888392711001	0.14903681222901405
mock-16	Mock 7	mock-16|Mock 7	Mock 7	Mock 7	mock-16|Mock 7	0.4368932038834952	0.5467813126265736	0.3762553546671189	0.2453708034564157	0.1642603434840924	0.2099371117040532	0.3103448275862068	0.5223479231464558	0.3534985882865764	0.1791711609337088	0.1486653556550821	0.1899988665841859	0.323943661971831	0.5152949116910361	0.3470688662338608	0.1557089682918251	0.1443670298420009	0.1894408887541367	0.3289473684210526	0.5133259277837757	0.3452847785382759	0.1678253027843587	0.1448146965951305	0.1893985010305631	0.3333333333333333	0.5148389893468208	0.3466553361243929	0.1679720843005843	0.1448713210875084	0.1894084733802142	0.2915341763841555	0.4024142827845727	0.13248824455911298	0.4076542922427204	0.1754140605255907	0.23224023171712968
mock-18	Mock 8	mock-18|Mock 8	Mock 8	Mock 8	mock-18|Mock 8	0.1764705882352941	0.316995839162745	0.1883511916007664	0.0605036771612442	0.1065154511057734	0.1698324578784089	0.0666666666666666	0.2599758433571636	0.1494093299593928	0.0267126813835075	0.0836911601111729	0.1335002199698469	0.0666666666666666	0.2599758433571637	0.1494093299593929	0.0267126813835075	0.0836911601111729	0.1335002199698469	0.0666666666666666	0.2599758433571636	0.1494093299593928	0.0267126813835075	0.0836911601111729	0.1335002199698468	0.0666666666666666	0.2599758433571636	0.1494093299593928	0.0267126813835075	0.0836911601111729	0.1335002199698469	0.12994976036450778	0.29028315777923747	0.078299843900199	0.17240166526211315	0.08749785546690238	0.08490380979521077
mock-19	Mock 9	mock-19|Mock 9	Mock 9	Mock 9	mock-19|Mock 9	0.0	0.2718857683385508	0.1573309005604066	2.935588446741791e-08	0.0810797157066354	0.1358283881673249	0.0	0.1883603394605086	0.1039722984450542	2.935588446741791e-08	0.0531792104920329	0.0881852282587962	0.0	0.1883603394605086	0.1039722984450542	2.935588446741791e-08	0.0531792104920329	0.0881852282587962	0.0	0.1883603394605086	0.1039722984450542	2.935588446741791e-08	0.0531792104920329	0.0881852282587962	0.0	0.1883603394605086	0.1039722984450542	2.935588446741791e-08	0.0531792104920329	0.0881852282587962	0.07936377420593026	0.2718857683385508	0.07355677441950365	0.10656981470141393	0.0521577337104466	0.054412080990967324
mock-20	Mock 10	mock-20|Mock 10	Mock 10	Mock 10	mock-20|Mock 10	0.0869565217391304	0.5577583293335522	0.3867301442453932	0.02187003156689	0.1708205363776236	0.2048525479848757	0.375	0.5403643147009366	0.3702049217782873	0.0666726472891868	0.1484897928878897	0.1690645966427899	0.0999999999999999	0.4851807561870487	0.3202895382856374	0.0220241486521094	0.1391594553534231	0.1669022180629676	0.3571428571428571	0.4902046376506183	0.3246828344258617	0.064309998633311	0.1474398928132403	0.1683630831793182	0.3571428571428571	0.4953289604452395	0.3291941875825627	0.064309998633311	0.1479431136366295	0.1685154414321656	0.2482306121268571	0.5358882977666621	0.16071791974842192	0.3717453907106655	0.12471583354304876	0.2470295571676167
mock-21	Mock 11	mock-21|Mock 11	Mock 11	Mock 11	mock-21|Mock 11	0.3913043478260869	0.6801887036038414	0.5153681480535487	0.1920320810525472	0.1599763378264706	0.2614889762567144	0.65	0.6184356105544903	0.4476343015780097	0.2654524165897504	0.138642984488086	0.1878431300615089	0.3	0.5966294523238654	0.42514035463537	0.190507303961047	0.12108044398749	0.18432380063203	0.5757575757575757	0.6108319793561402	0.4397106543476491	0.2547639315206949	0.1361259760259262	0.187454496291391	0.5333333333333333	0.6108319793561402	0.4397106543476491	0.251143867414617	0.1412504099860151	0.1957540769079603	0.3567572442691983	0.5591082596163515	0.18481399936161927	0.5223251396715799	0.19118934886681663	0.3311357908047633
mock-22	Mock 12	mock-22|Mock 12	Mock 12	Mock 12	mock-22|Mock 12	0.2142857142857143	0.3888280786386615	0.2413324571285517	0.1335691603992492	0.0701636199881962	0.0922771783470285	0.125	0.3781826271584136	0.2331844716250634	0.0496930172662127	0.0614328130997946	0.0820015010475524	0.0952380952380952	0.3221562368644044	0.1920060996992657	0.0488311433547045	0.0606955381801092	0.081437839271248	0.0952380952380952	0.3221562368644042	0.1920060996992657	0.0488311433547045	0.0606955381801092	0.081437839271248	0.0952380952380952	0.3221562368644042	0.1920060996992657	0.0488311433547045	0.0606955381801092	0.081437839271248	0.1490348498935973	0.33999693528395697	0.10544182442761436	0.2272676429494467	0.07080205683774791	0.1564655861116988
mock-23	Mock 13	mock-23|Mock 13	Mock 13	Mock 13	mock-23|Mock 13	0.3448275862068966	0.5168234080218292	0.348457095950066	0.2457300040457012	0.0792775925888201	0.1096974551616845	0.1923076923076923	0.4944623837863736	0.3284291129370311	0.1927603649310422	0.0706689568982892	0.0975446917843293	0.1428571428571429	0.4818720258232242	0.3174119929411915	0.1855435565228774	0.0696847839514063	0.0972866010334685	0.1363636363636363	0.4817561426194271	0.3173114386582147	0.1919883562016926	0.0701342750151288	0.0973683161797509	0.1363636363636363	0.4817561426194271	0.3173114386582147	0.1919883562016926	0.0701342750151288	0.0973683161797508	0.2301828925941589	0.44713862407042293	0.1466269070353691	0.33588739174093357	0.12447839344738423	0.21140899829354934
mock-4	Even1	mock-4|Even1	Mock 1	Mock 1|Even1	mock-4|Even1	0.3235294117647058	0.7973173663896985	0.6629490973826175	0.0208785090924267	0.2668491806494928	0.2758097958781668	0.4499999999999999	0.7571833026237703	0.6092477709885107	0.1021941900215225	0.2160798665484894	0.2367962705581667	0.1304347826086956	0.7490105571972462	0.5987345149125645	0.0318425239507938	0.2141086512416727	0.2364405452901088	0.3448275862068966	0.7513569838160125	0.601738826932501	0.0727656604863603	0.2150858920270929	0.2363630292406049	0.3548387096774194	0.7493307087432599	0.5991437656475055	0.0740339818603892	0.2152147769083906	0.2363668578089274	0.37101577054846707	0.7764388572972718	0.24525613141904	0.5653095589927603	0.17672198210417367	0.3885875768885866
mock-4	Even2	mock-4|Even2	Mock 1	Mock 1|Even2	mock-4|Even2	0.2068965517241379	0.7986349961991506	0.6647729821265381	0.1665325767358064	0.2705522838784044	0.282618858123256	0.4634146341463414	0.7559975813211868	0.6077139159617474	0.2303816371827417	0.2174631713651143	0.2401844422063752	0.1666666666666666	0.7469403435343307	0.5960932024905511	0.179141791467299	0.215418727424567	0.239866894059794	0.3666666666666667	0.7494637719348849	0.5993139223919072	0.2087502063357416	0.2164841351619987	0.2397741709225309	0.375	0.7473409295744167	0.5966036148371255	0.2096739780216586	0.2166336563777425	0.2397789978919818	0.3938258435576888	0.6321024194633442	0.2196831278389791	0.5627679853050434	0.22488370181033418	0.33788428349470917
mock-4	Staggered1	mock-4|Staggered1	Mock 1	Mock 1|Staggered1	mock-4|Staggered1	0.5238095238095238	0.8101754180429835	0.6809200535346243	0.2130698312841916	0.3140825529699212	0.4188749581615411	0.4634146341463414	0.7791985729578169	0.6382680718564501	0.2303816371827417	0.2718328113357134	0.3724846585799842	0.1666666666666666	0.7729796468921728	0.6299648126735233	0.179141791467299	0.2674947971017867	0.372428313984731	0.3666666666666667	0.7972293253897971	0.6628273720160042	0.2087502063357416	0.2703448602204477	0.3720973716025286	0.375	0.7745327576359446	0.6320305683094307	0.2096739780216586	0.2707999763881228	0.3721275404204167	0.44724231252182567	0.6435087513763169	0.21078182183678	0.6049122727065296	0.2895723523371217	0.3153399203694079
mock-4	Staggered2	mock-4|Staggered2	Mock 1	Mock 1|Staggered2	mock-4|Staggered2	0.5555555555555556	0.8069859096575632	0.6764261346032636	0.2074489997706975	0.3113443127087176	0.415324836908199	0.4634146341463414	0.7741878416105852	0.6315713515419725	0.2303816371827417	0.2677470696138876	0.3669681723157211	0.1666666666666666	0.7677534951887726	0.6230518749220453	0.179141791467299	0.2631872310456653	0.3669690092519476	0.3666666666666667	0.7925110026790543	0.656329792186428	0.2087502063357416	0.2662227403039625	0.3665742100174249	0.375	0.7694801144273644	0.6253292802897522	0.2096739780216586	0.266681106769929	0.3666055304747582	0.4447983717443462	0.6403192429908966	0.21005952893836138	0.6033953546761356	0.28620138881255675	0.31719396586357884
mock-5	Even1	mock-5|Even1	Mock 2	Mock 2|Even1	mock-5|Even1	0.4390243902439024	0.8451165743965366	0.7317765201755633	0.0143514145685507	0.2906461369096179	0.2942154566529136	0.1851851851851852	0.7643752439686997	0.618614381297923	0.1957357444284353	0.2089445619610123	0.2310190309485485	0.1666666666666666	0.7572788738259886	0.6093715298438976	0.1955892722332141	0.2085174054290333	0.2305798632954136	0.1666666666666666	0.757295588233194	0.6093931759335386	0.1951152539639504	0.2083095959116876	0.2305342925712193	0.1666666666666666	0.757295588233194	0.6093931759335386	0.1951152539639505	0.2083095959116876	0.2305342925712193	0.3773879132863872	0.8307651598279859	0.24492271944958524	0.5456080151514108	0.2091678114213636	0.3364402037300472
mock-5	Even2	mock-5|Even2	Mock 2	Mock 2|Even2	mock-5|Even2	0.3235294117647058	0.8478499546661874	0.7358850161052934	0.1854254318714259	0.2983716767650793	0.3053163111827352	0.1851851851851852	0.7640360310325001	0.6181701491433935	0.1957357444284353	0.2088181874608906	0.2336269262681189	0.1666666666666666	0.7565084347046904	0.6083743998094844	0.1955892722332141	0.208419149056558	0.2332091250403145	0.1666666666666666	0.75651438019837	0.6083820899505494	0.1951152539639504	0.2082052348238529	0.2331595453386266	0.1666666666666666	0.75651438019837	0.6083820899505493	0.1951152539639505	0.2082052348238529	0.2331595453386266	0.3802267805089636	0.6811832879995208	0.2380104171882029	0.5379554348472854	0.2224981261706421	0.31545730867664323
mock-5	Staggered1	mock-5|Staggered1	Mock 2	Mock 2|Staggered1	mock-5|Staggered1	0.5128205128205128	0.8216736517666741	0.6973226500439509	0.2015065035565782	0.3340638287311439	0.4312610544832373	0.1538461538461538	0.765120050187011	0.6195906333266495	0.1728076184409431	0.2405766795896795	0.3453698270873186	0.1304347826086956	0.7625706439034516	0.616253881602558	0.1726744588721545	0.2400961015803819	0.3450096876379853	0.1304347826086956	0.7625701997425165	0.616253301467155	0.1721730413262089	0.2400765983000688	0.3450094857158532	0.1304347826086956	0.7625701997425165	0.6162533014671551	0.1721730413262089	0.2400765983000688	0.3450094857158532	0.40320111794686914	0.6912388691579785	0.2337691152143085	0.5398766351828261	0.2665256007109123	0.27335103447191383
mock-5	Staggered2	mock-5|Staggered2	Mock 2	Mock 2|Staggered2	mock-5|Staggered2	0.5365853658536586	0.820330567875033	0.6953902046926416	0.2104789828849814	0.3327380275765319	0.4298393427933767	0.1538461538461538	0.761645050217783	0.6150458318527571	0.1728076184409431	0.2388162913921762	0.3427596046280098	0.1304347826086956	0.7589623535180756	0.611554658047297	0.1726744588721545	0.2383386499882037	0.3423951209400685	0.1304347826086956	0.7589630295446395	0.6115555359049145	0.1721730413262089	0.2383191080717907	0.3423947797617424	0.1304347826086956	0.7589630295446395	0.6115555359049145	0.1721730413262089	0.2383191080717907	0.3423947797617425	0.40241078734881747	0.6898957852663374	0.2327321572122388	0.5390467776419061	0.26577479705572865	0.27327198058617747
mock-ZIEL_1	SRR13005984	mock-ZIEL_1|SRR13005984	ZIEL I	ZIEL I|SRR13005984	mock-ZIEL_1|SRR13005984	0.5238095238095238	0.5300745735327207	0.3606132419973621	0.0796768754638561	0.1238161633399264	0.1418955765117791	0.5238095238095238	0.5363199393769154	0.3664188327800309	0.0796768754638561	0.1164730492429135	0.1330259199550615	0.2666666666666667	0.4042906845720533	0.2533611107381599	0.0379457214758889	0.1045896502168749	0.1319099884877984	0.2666666666666667	0.4043332480376259	0.2533945434034839	0.0390526383818354	0.1055580879654298	0.1326339021463007	0.2666666666666667	0.4043332480376259	0.2533945434034839	0.0412616344341514	0.1072750951281124	0.1337769107500407	0.2374240367487445	0.49837421790102643	0.15890286494077666	0.37427686756656736	0.10057120593092168	0.2737056616356457
mock-ZIEL_1	SRR13005985	mock-ZIEL_1|SRR13005985	ZIEL I	ZIEL I|SRR13005985	mock-ZIEL_1|SRR13005985	0.5238095238095238	0.5357602595190635	0.365896543241676	0.0796768754638561	0.1209455293572926	0.1350103116302881	0.5238095238095238	0.5360899458031779	0.3662041559631921	0.0796768754638561	0.1171727462277252	0.1299296797726641	0.2666666666666667	0.4095425072396729	0.2574998131694102	0.0379457214758889	0.1082674203106646	0.1342052915855829	0.2666666666666667	0.4095652040479679	0.2575177587225781	0.0390526383818354	0.1092187686746384	0.1349062462643856	0.2666666666666667	0.4095652040479678	0.257517758722578	0.0412616344341514	0.1109545904598204	0.1360695034717727	0.23890240103569174	0.498144224327289	0.15978530203488805	0.37685187987308877	0.10095292219829483	0.27589895767479394
mock-ZIEL_2	SRR13005964	mock-ZIEL_2|SRR13005964	ZIEL II	ZIEL II|SRR13005964	mock-ZIEL_2|SRR13005964	0.3076923076923077	0.4069590602184343	0.2554605158322144	0.0259048777128518	0.0686778895043825	0.1100717383428482	0.3076923076923077	0.4215259045353334	0.2670464505857132	0.0525507775472785	0.0784825743819303	0.1268412399749603	0.2380952380952381	0.4638474141395406	0.3019539975449258	0.0488792324447618	0.0774060604299261	0.1267186564933069	0.1904761904761904	0.398611687030908	0.2489163207965796	0.0495516057235061	0.0775641363677908	0.1266050111165637	0.2380952380952381	0.4555403912984558	0.294951314189069	0.0495496985953652	0.0780119264765952	0.1272704072963175	0.20069833902102804	0.4379425364266888	0.13520028047066207	0.31979095588149703	0.08160572216055902	0.23818523372093803
mock-ZIEL_2	SRR13005965	mock-ZIEL_2|SRR13005965	ZIEL II	ZIEL II|SRR13005965	mock-ZIEL_2|SRR13005965	0.3333333333333333	0.3863367088703057	0.2394159370136249	0.0685077496194003	0.0588261137676506	0.0887071993721686	0.3333333333333333	0.4141038626118946	0.2611166348471619	0.0759082586426915	0.0751350594065326	0.1166888803166941	0.2727272727272727	0.4591613578016543	0.297994446158593	0.072454401181131	0.0740740174296084	0.1165800307972418	0.2272727272727273	0.3960282003176359	0.2469047151552551	0.0730553639111434	0.0742314649475732	0.1164534137531	0.2727272727272727	0.4508150499873481	0.291001439165586	0.0730535500367519	0.0746914607922659	0.1171653961659105	0.20526015504876208	0.40033524403400367	0.13224922311490261	0.3254848194215333	0.08503549067599092	0.24044932874554237
mock-ZIEL_2	SRR13005966	mock-ZIEL_2|SRR13005966	ZIEL II	ZIEL II|SRR13005966	mock-ZIEL_2|SRR13005966	0.5135135135135135	0.398034571895401	0.2484663931645169	0.3573728924179564	0.0724723817274844	0.0956715607160687	0.3333333333333333	0.4202801979990238	0.2660473062796765	0.0759082586426915	0.0767011201471098	0.1207447531576922	0.2727272727272727	0.4680760323055062	0.3055478223308619	0.072454401181131	0.0756269187020494	0.1206381884184885	0.2272727272727273	0.4029626528303203	0.2523188662710133	0.0730553639111434	0.0757779764098918	0.1204970778810024	0.2727272727272727	0.4598241830647213	0.2985530470019346	0.0730535500367519	0.0762601046516757	0.1212405346339308	0.22490534251173877	0.4410591123323825	0.14256234612433136	0.34264567951447295	0.10716500550900451	0.23548067400546843
mock-ZYMO	SRR13006002	mock-ZYMO|SRR13006002	ZYMO	ZYMO|SRR13006002	mock-ZYMO|SRR13006002	0.4545454545454546	0.5330716509622992	0.3633931073129728	0.5167213416160102	0.4627374328265956	0.3867750540511524	0.5	0.5375019967181215	0.3675232345698626	0.5524155158926085	0.4515884840464453	0.3697994535604594	0.3	0.3903721521212751	0.2425232345698626	0.5515567807814321	0.4511199092577516	0.3695830140659589	0.3	0.3903721521212751	0.2425232345698626	0.5515567807814321	0.4511199092577516	0.3695830140659589	0.3	0.3903721521212751	0.2425232345698626	0.5515567807814321	0.4511199092577516	0.3695830140659589	0.41371793328302753	0.30989228132274593	0.09575605876469162	0.37031477361214143	0.45712109295391323	-0.0868063193417718
mock-ZYMO	SRR13006003	mock-ZYMO|SRR13006003	ZYMO	ZYMO|SRR13006003	mock-ZYMO|SRR13006003	0.6666666666666667	0.5917087447335413	0.4201607746414543	0.7887864416016844	0.5456071828217174	0.5114468461794383	0.5384615384615384	0.5844947735191637	0.4129230769230769	0.5495978773190001	0.5273667307999256	0.4993543128324175	0.3	0.428789412457887	0.2729038461538461	0.5515567807814321	0.5271160220525726	0.4992303253848922	0.3636363636363636	0.4289318247050471	0.2730192307692307	0.5487410674853992	0.5270642427344702	0.4992447098513051	0.3636363636363636	0.4289318247050472	0.2730192307692307	0.5487410674853992	0.5270642427344702	0.499244709851305	0.48324820772312954	0.5158825954478383	0.11485497380137077	0.42315224478523045	0.5433441706610286	-0.12019192587579813
mock-ZYMO	SRR13006004	mock-ZYMO|SRR13006004	ZYMO	ZYMO|SRR13006004	mock-ZYMO|SRR13006004	0.5	0.5693885121827159	0.3980035928912082	0.5141167482861262	0.5295445801388867	0.5034834559560001	0.5384615384615384	0.5653568339167883	0.3940748802786242	0.5495978773190001	0.5216791799851285	0.4901357177776066	0.3	0.405013584244013	0.2539291747209306	0.5515567807814321	0.5214292081368356	0.4900281276820759	0.3636363636363636	0.405118618000913	0.2540117544623422	0.5487410674853992	0.5213712789971708	0.4900223448173293	0.3636363636363636	0.405118618000913	0.2540117544623422	0.5487410674853992	0.5213712789971708	0.4900223448173293	0.4587200882519314	0.31545933746178534	0.09661763470941481	0.3979841059263371	0.519456070577526	-0.12147196465118887
