Feature	SRR13005984	SRR13005985
OTU5	803.2786885245902	813.289303404882
OTU3	1017.1385991058122	1132.1344102815833
OTU8	970.5663189269746	949.84158150743
OTU6	632.6378539493294	690.5707528225266
OTU2	1395.3055141579732	1383.5958766567005
OTU4	1038.748137108793	970.3690481502967
OTU1	1593.1445603576751	1672.765406756214
OTU11	356.1847988077496	399.39310098621087
OTU9	502.23546944858424	368.6019010219108
OTU12	421.3859910581222	367.2631531973761
OTU7	489.5678092399404	529.9210138783525
OTU13	361.0283159463487	351.6444285778036
OTU10	418.7779433681073	370.610022758713
