Feature	Mock 10
SOTU1801	795.0117561044508
SOTU101	1009.1140965246794
SOTU1102	243.76261808030708
SOTU1101	440.251572327044
SOTU1501	995.239400812542
SOTU701	95.54431179016807
SOTU901	61.646851607221485
SOTU1301	204.96331929247359
SOTU601	644.9656455887606
SOTU401	468.8317838538421
SOTU1105	670.1394946952137
SOTU1601	41.707169146664675
SOTU702	49.51687811038276
SOTU201	16.117909988950093
SOTU501	58.82206325864261
SOTU801	610.3204473135431
SOTU1001	423.2197602253184
SOTU1701	322.69052782001114
SOTU1201	26.83548931149938
SOTU1602	751.3937007219827
SOTU1104	9.637513189269127
SOTU1901	1330.8907222319153
SOTU1103	28.41404750629346
SOTU1401	417.98559357942224
SOTU1902	171.97976122230253
SOTU301	110.9975656970996
