genus_species	Mock 13
Acinetobacter_baumannii	21.905804997809415
Actinomyces_odontolyticus	2.190580999780942
Bacillus_cereus	219.0580499780942
Bacteroides_vulgatus	2.190580999780942
Clostridium_beijerinckii	219.0580499780942
Deinococcus_radiodurans	2.190580999780942
Enterococcus_faecalis	2.190580999780942
Escherichia_coli	2190.580503780942
Helicobacter_pylori	21.905804997809415
Lactobacillus_gasseri	21.905804997809415
Listeria_monocytogenes	21.905804997809415
Neisseria_meningitidis	21.905804997809415
Propionibacterium_acnes	21.905804997809415
Pseudomonas_aeruginosa	219.0580499780942
Rhodobacter_sphaeroides	2190.580503780942
Staphylococcus_aureus	219.0580499780942
Staphylococcus_epidermidis	2190.580503780942
Streptococcus_agalactiae	219.0580499780942
Streptococcus_mutans	2190.580503780942
Streptococcus_pneumoniae	2.190580999780942
