community_id	community_display	species	species_display	bar_group	bar_group_display	component_id	component_type	component_relative_abundance	total_relative_abundance	n_components	n_samples_aggregated	sample_aggregation	methods_included
mock-12	Mock 3	Bacteroides_ovatus	Bacteroides ovatus	Expected	Expected	Bacteroides_ovatus	expected_tip	0.14217672567000783	0.4265301770100235	3	1	mean	zOTU,TIC,TAC
mock-12	Mock 3	Bacteroides_ovatus	Bacteroides ovatus	Expected	Expected	Bacteroides_ovatus__Copy1	expected_tip	0.14217672567000783	0.4265301770100235	3	1	mean	zOTU,TIC,TAC
mock-12	Mock 3	Bacteroides_ovatus	Bacteroides ovatus	Expected	Expected	Bacteroides_ovatus__Copy5	expected_tip	0.14217672567000783	0.4265301770100235	3	1	mean	zOTU,TIC,TAC
mock-12	Mock 3	Bacteroides_ovatus	Bacteroides ovatus	zOTU	UNOISE3	Zotu1	inferred_feature	0.3828889494919828	0.478182886152426	2	1	mean	zOTU,TIC,TAC
mock-12	Mock 3	Bacteroides_ovatus	Bacteroides ovatus	zOTU	UNOISE3	Zotu3	inferred_feature	0.09529393666044318	0.478182886152426	2	1	mean	zOTU,TIC,TAC
mock-12	Mock 3	Bacteroides_ovatus	Bacteroides ovatus	TIC	TIC	SOTU501	inferred_feature	0.4781828861524261	0.4781828861524261	1	1	mean	zOTU,TIC,TAC
mock-12	Mock 3	Bacteroides_ovatus	Bacteroides ovatus	TAC	TAC	OTU12	inferred_feature	0.4781828861524261	0.4781828861524261	1	1	mean	zOTU,TIC,TAC
mock-12	Mock 3	Bacteroides_vulgatus	Bacteroides vulgatus	Expected	Expected	Bacteroides_vulgatus	expected_tip	0.14217672567000783	0.4265301770100235	3	1	mean	zOTU,TIC,TAC
mock-12	Mock 3	Bacteroides_vulgatus	Bacteroides vulgatus	Expected	Expected	Bacteroides_vulgatus__Copy3	expected_tip	0.14217672567000783	0.4265301770100235	3	1	mean	zOTU,TIC,TAC
mock-12	Mock 3	Bacteroides_vulgatus	Bacteroides vulgatus	Expected	Expected	Bacteroides_vulgatus__Copy4	expected_tip	0.14217672567000783	0.4265301770100235	3	1	mean	zOTU,TIC,TAC
mock-12	Mock 3	Bacteroides_vulgatus	Bacteroides vulgatus	zOTU	UNOISE3	Zotu2	inferred_feature	0.27935205968938576	0.3798562308138762	3	1	mean	zOTU,TIC,TAC
mock-12	Mock 3	Bacteroides_vulgatus	Bacteroides vulgatus	zOTU	UNOISE3	Zotu4	inferred_feature	0.05471969903571153	0.3798562308138762	3	1	mean	zOTU,TIC,TAC
mock-12	Mock 3	Bacteroides_vulgatus	Bacteroides vulgatus	zOTU	UNOISE3	Zotu5	inferred_feature	0.04578447208877887	0.3798562308138762	3	1	mean	zOTU,TIC,TAC
mock-12	Mock 3	Bacteroides_vulgatus	Bacteroides vulgatus	TIC	TIC	SOTU505	inferred_feature	0.37985623081387626	0.37985623081387626	1	1	mean	zOTU,TIC,TAC
mock-12	Mock 3	Bacteroides_vulgatus	Bacteroides vulgatus	TAC	TAC	OTU15	inferred_feature	0.37985623081387626	0.37985623081387626	1	1	mean	zOTU,TIC,TAC
mock-12	Mock 3	Parabacteroides_distasonis	Parabacteroides distasonis	Expected	Expected	Parabacteroides_distasonis_JCM_13401	expected_tip	0.02132864150138624	0.04265728300277248	2	1	mean	zOTU,TIC,TAC
mock-12	Mock 3	Parabacteroides_distasonis	Parabacteroides distasonis	Expected	Expected	Parabacteroides_distasonis_JCM_13400	expected_tip	0.02132864150138624	0.04265728300277248	2	1	mean	zOTU,TIC,TAC
mock-12	Mock 3	Parabacteroides_distasonis	Parabacteroides distasonis	zOTU	UNOISE3	Zotu8	inferred_feature	0.020570321732502606	0.038802995657555225	2	1	mean	zOTU,TIC,TAC
mock-12	Mock 3	Parabacteroides_distasonis	Parabacteroides distasonis	zOTU	UNOISE3	Zotu9	inferred_feature	0.018232673925052616	0.038802995657555225	2	1	mean	zOTU,TIC,TAC
mock-12	Mock 3	Parabacteroides_distasonis	Parabacteroides distasonis	TIC	TIC	SOTU1302	inferred_feature	0.038802995657555225	0.038802995657555225	1	1	mean	zOTU,TIC,TAC
mock-12	Mock 3	Parabacteroides_distasonis	Parabacteroides distasonis	TAC	TAC	OTU11	inferred_feature	0.038802995657555225	0.038802995657555225	1	1	mean	zOTU,TIC,TAC
mock-12	Mock 3	Bacteroides_thetaiotaomicron	Bacteroides thetaiotaomicron	Expected	Expected	Bacteroides_thetaiotaomicron	expected_tip	0.00021326508850499996	0.0004265301770099999	2	1	mean	zOTU,TIC,TAC
mock-12	Mock 3	Bacteroides_thetaiotaomicron	Bacteroides thetaiotaomicron	Expected	Expected	Bacteroides_thetaiotaomicron__Copy1	expected_tip	0.00021326508850499996	0.0004265301770099999	2	1	mean	zOTU,TIC,TAC
mock-12	Mock 3	Bacteroides_thetaiotaomicron	Bacteroides thetaiotaomicron	zOTU	UNOISE3	Zotu14	inferred_feature	0.00045662100456621	0.00045662100456621	1	1	mean	zOTU,TIC,TAC
mock-12	Mock 3	Bacteroides_thetaiotaomicron	Bacteroides thetaiotaomicron	TIC	TIC	SOTU503	inferred_feature	0.0004566210045662101	0.0004566210045662101	1	1	mean	zOTU,TIC,TAC
mock-12	Mock 3	Bacteroides_thetaiotaomicron	Bacteroides thetaiotaomicron	TAC	TAC	OTU13	inferred_feature	0.0004566210045662101	0.0004566210045662101	1	1	mean	zOTU,TIC,TAC
mock-12	Mock 3	Prevotella_copri	Prevotella copri	Expected	Expected	Prevotella_copri_DSM_18205	expected_tip	2.1326508850499897e-06	4.2653017700999794e-06	2	1	mean	zOTU,TIC,TAC
mock-12	Mock 3	Prevotella_copri	Prevotella copri	Expected	Expected	Prevotella_copri_DSM_18205__Copy2	expected_tip	2.1326508850499897e-06	4.2653017700999794e-06	2	1	mean	zOTU,TIC,TAC
mock-12	Mock 3	Prevotella_copri	Prevotella copri	zOTU	UNOISE3		missing	0.0	0.0	0	1	mean	zOTU,TIC,TAC
mock-12	Mock 3	Prevotella_copri	Prevotella copri	TIC	TIC		missing	0.0	0.0	0	1	mean	zOTU,TIC,TAC
mock-12	Mock 3	Prevotella_copri	Prevotella copri	TAC	TAC		missing	0.0	0.0	0	1	mean	zOTU,TIC,TAC
mock-13	Mock 4	Bacteroides_vulgatus	Bacteroides vulgatus	Expected	Expected	Bacteroides_vulgatus_ATCC_8482	expected_tip	0.015873015866666666	0.0476190476	3	1	mean	zOTU,TIC,TAC
mock-13	Mock 4	Bacteroides_vulgatus	Bacteroides vulgatus	Expected	Expected	Bacteroides_vulgatus_ATCC_8482__Copy3	expected_tip	0.015873015866666666	0.0476190476	3	1	mean	zOTU,TIC,TAC
mock-13	Mock 4	Bacteroides_vulgatus	Bacteroides vulgatus	Expected	Expected	Bacteroides_vulgatus_ATCC_8482__Copy4	expected_tip	0.015873015866666666	0.0476190476	3	1	mean	zOTU,TIC,TAC
mock-13	Mock 4	Bacteroides_vulgatus	Bacteroides vulgatus	zOTU	UNOISE3	Zotu11	inferred_feature	0.04191667923011206	0.05634956530478917	3	1	mean	zOTU,TIC,TAC
mock-13	Mock 4	Bacteroides_vulgatus	Bacteroides vulgatus	zOTU	UNOISE3	Zotu19	inferred_feature	0.007708930096989795	0.05634956530478917	3	1	mean	zOTU,TIC,TAC
mock-13	Mock 4	Bacteroides_vulgatus	Bacteroides vulgatus	zOTU	UNOISE3	Zotu20	inferred_feature	0.0067239559776873185	0.05634956530478917	3	1	mean	zOTU,TIC,TAC
mock-13	Mock 4	Bacteroides_vulgatus	Bacteroides vulgatus	TIC	TIC	SOTU1701	inferred_feature	0.05634956530478919	0.05634956530478919	1	1	mean	zOTU,TIC,TAC
mock-13	Mock 4	Bacteroides_vulgatus	Bacteroides vulgatus	TAC	TAC	OTU5	inferred_feature	0.05634956530478919	0.05634956530478919	1	1	mean	zOTU,TIC,TAC
mock-13	Mock 4	Clostridium_beijerinckii	Clostridium beijerinckii	Expected	Expected	Clostridium_beijerinckii_ATCC_51743	expected_tip	0.0238095238	0.0476190476	2	1	mean	zOTU,TIC,TAC
mock-13	Mock 4	Clostridium_beijerinckii	Clostridium beijerinckii	Expected	Expected	Clostridium_beijerinckii_ATCC_51743__Copy3	expected_tip	0.0238095238	0.0476190476	2	1	mean	zOTU,TIC,TAC
mock-13	Mock 4	Clostridium_beijerinckii	Clostridium beijerinckii	zOTU	UNOISE3	Zotu6	inferred_feature	0.07198854213779585	0.07198854213779585	1	1	mean	zOTU,TIC,TAC
mock-13	Mock 4	Clostridium_beijerinckii	Clostridium beijerinckii	TIC	TIC	SOTU101	inferred_feature	0.07198854213779587	0.07198854213779587	1	1	mean	zOTU,TIC,TAC
mock-13	Mock 4	Clostridium_beijerinckii	Clostridium beijerinckii	TAC	TAC	OTU15	inferred_feature	0.07198854213779587	0.07198854213779587	1	1	mean	zOTU,TIC,TAC
mock-14	Mock 5	Bacteroides_vulgatus	Bacteroides vulgatus	Expected	Expected	Bacteroides_vulgatus_ATCC_8482	expected_tip	0.015873015866666666	0.0476190476	3	1	mean	zOTU,TIC,TAC
mock-14	Mock 5	Bacteroides_vulgatus	Bacteroides vulgatus	Expected	Expected	Bacteroides_vulgatus_ATCC_8482__Copy3	expected_tip	0.015873015866666666	0.0476190476	3	1	mean	zOTU,TIC,TAC
mock-14	Mock 5	Bacteroides_vulgatus	Bacteroides vulgatus	Expected	Expected	Bacteroides_vulgatus_ATCC_8482__Copy4	expected_tip	0.015873015866666666	0.0476190476	3	1	mean	zOTU,TIC,TAC
mock-14	Mock 5	Bacteroides_vulgatus	Bacteroides vulgatus	zOTU	UNOISE3	Zotu10	inferred_feature	0.040671191689321776	0.05481038714749532	3	1	mean	zOTU,TIC,TAC
mock-14	Mock 5	Bacteroides_vulgatus	Bacteroides vulgatus	zOTU	UNOISE3	Zotu19	inferred_feature	0.007735748279111077	0.05481038714749532	3	1	mean	zOTU,TIC,TAC
mock-14	Mock 5	Bacteroides_vulgatus	Bacteroides vulgatus	zOTU	UNOISE3	Zotu21	inferred_feature	0.006403447179062466	0.05481038714749532	3	1	mean	zOTU,TIC,TAC
mock-14	Mock 5	Bacteroides_vulgatus	Bacteroides vulgatus	TIC	TIC	SOTU1101	inferred_feature	0.05481038714749533	0.05481038714749533	1	1	mean	zOTU,TIC,TAC
mock-14	Mock 5	Bacteroides_vulgatus	Bacteroides vulgatus	TAC	TAC	OTU19	inferred_feature	0.05481038714749532	0.05481038714749532	1	1	mean	zOTU,TIC,TAC
mock-14	Mock 5	Clostridium_beijerinckii	Clostridium beijerinckii	Expected	Expected	Clostridium_beijerinckii_ATCC_51743	expected_tip	0.0238095238	0.0476190476	2	1	mean	zOTU,TIC,TAC
mock-14	Mock 5	Clostridium_beijerinckii	Clostridium beijerinckii	Expected	Expected	Clostridium_beijerinckii_ATCC_51743__Copy3	expected_tip	0.0238095238	0.0476190476	2	1	mean	zOTU,TIC,TAC
mock-14	Mock 5	Clostridium_beijerinckii	Clostridium beijerinckii	zOTU	UNOISE3	Zotu5	inferred_feature	0.07473489008515923	0.07473489008515923	1	1	mean	zOTU,TIC,TAC
mock-14	Mock 5	Clostridium_beijerinckii	Clostridium beijerinckii	TIC	TIC	SOTU401	inferred_feature	0.07473489008515925	0.07473489008515925	1	1	mean	zOTU,TIC,TAC
mock-14	Mock 5	Clostridium_beijerinckii	Clostridium beijerinckii	TAC	TAC	OTU31	inferred_feature	0.07473489008515924	0.07473489008515924	1	1	mean	zOTU,TIC,TAC
mock-15	Mock 6	Bacteroides_vulgatus	Bacteroides vulgatus	Expected	Expected	Bacteroides_vulgatus_ATCC_8482	expected_tip	0.015873015866666666	0.0476190476	3	1	mean	zOTU,TIC,TAC
mock-15	Mock 6	Bacteroides_vulgatus	Bacteroides vulgatus	Expected	Expected	Bacteroides_vulgatus_ATCC_8482__Copy3	expected_tip	0.015873015866666666	0.0476190476	3	1	mean	zOTU,TIC,TAC
mock-15	Mock 6	Bacteroides_vulgatus	Bacteroides vulgatus	Expected	Expected	Bacteroides_vulgatus_ATCC_8482__Copy4	expected_tip	0.015873015866666666	0.0476190476	3	1	mean	zOTU,TIC,TAC
mock-15	Mock 6	Bacteroides_vulgatus	Bacteroides vulgatus	zOTU	UNOISE3	Zotu11	inferred_feature	0.035207782129698086	0.04769731817154169	3	1	mean	zOTU,TIC,TAC
mock-15	Mock 6	Bacteroides_vulgatus	Bacteroides vulgatus	zOTU	UNOISE3	Zotu19	inferred_feature	0.006794698668556798	0.04769731817154169	3	1	mean	zOTU,TIC,TAC
mock-15	Mock 6	Bacteroides_vulgatus	Bacteroides vulgatus	zOTU	UNOISE3	Zotu20	inferred_feature	0.005694837373286812	0.04769731817154169	3	1	mean	zOTU,TIC,TAC
mock-15	Mock 6	Bacteroides_vulgatus	Bacteroides vulgatus	TIC	TIC	SOTU2401	inferred_feature	0.0476973181715417	0.0476973181715417	1	1	mean	zOTU,TIC,TAC
mock-15	Mock 6	Bacteroides_vulgatus	Bacteroides vulgatus	TAC	TAC	OTU5	inferred_feature	0.04769731817154171	0.04769731817154171	1	1	mean	zOTU,TIC,TAC
mock-15	Mock 6	Clostridium_beijerinckii	Clostridium beijerinckii	Expected	Expected	Clostridium_beijerinckii_ATCC_51743	expected_tip	0.0238095238	0.0476190476	2	1	mean	zOTU,TIC,TAC
mock-15	Mock 6	Clostridium_beijerinckii	Clostridium beijerinckii	Expected	Expected	Clostridium_beijerinckii_ATCC_51743__Copy3	expected_tip	0.0238095238	0.0476190476	2	1	mean	zOTU,TIC,TAC
mock-15	Mock 6	Clostridium_beijerinckii	Clostridium beijerinckii	zOTU	UNOISE3	Zotu6	inferred_feature	0.07100215695020684	0.07100215695020684	1	1	mean	zOTU,TIC,TAC
mock-15	Mock 6	Clostridium_beijerinckii	Clostridium beijerinckii	TIC	TIC	SOTU2301	inferred_feature	0.07100215695020684	0.07100215695020684	1	1	mean	zOTU,TIC,TAC
mock-15	Mock 6	Clostridium_beijerinckii	Clostridium beijerinckii	TAC	TAC	OTU24	inferred_feature	0.07100215695020685	0.07100215695020685	1	1	mean	zOTU,TIC,TAC
mock-16	Mock 7	Methanococcus_maripaludis	Methanococcus maripaludis	Expected	Expected	Methanococcus_maripaludis_C5	expected_tip	0.01785714281575255	0.0357142856315051	2	1	mean	zOTU,TIC,TAC
mock-16	Mock 7	Methanococcus_maripaludis	Methanococcus maripaludis	Expected	Expected	Methanococcus_maripaludis_S2	expected_tip	0.01785714281575255	0.0357142856315051	2	1	mean	zOTU,TIC,TAC
mock-16	Mock 7	Methanococcus_maripaludis	Methanococcus maripaludis	zOTU	UNOISE3	Zotu9	inferred_feature	0.027638215409891594	0.04720376711328787	2	1	mean	zOTU,TIC,TAC
mock-16	Mock 7	Methanococcus_maripaludis	Methanococcus maripaludis	zOTU	UNOISE3	Zotu20	inferred_feature	0.01956555170339628	0.04720376711328787	2	1	mean	zOTU,TIC,TAC
mock-16	Mock 7	Methanococcus_maripaludis	Methanococcus maripaludis	TIC	TIC	SOTU9920	inferred_feature	0.019565551703396272	0.019565551703396272	1	1	mean	zOTU,TIC,TAC
mock-16	Mock 7	Methanococcus_maripaludis	Methanococcus maripaludis	TAC	TAC	OTU38	inferred_feature	0.04720376711328787	0.04720376711328787	1	1	mean	zOTU,TIC,TAC
mock-16	Mock 7	Thermoanaerobacter_pseudethanolicus	Thermoanaerobacter pseudethanolicus	Expected	Expected	Thermoanaerobacter_pseudethanolicus_ATCC_33223	expected_tip	0.008928571460554846	0.01785714292110969	2	1	mean	zOTU,TIC,TAC
mock-16	Mock 7	Thermoanaerobacter_pseudethanolicus	Thermoanaerobacter pseudethanolicus	Expected	Expected	Thermoanaerobacter_pseudethanolicus_ATCC_33223__Copy3	expected_tip	0.008928571460554846	0.01785714292110969	2	1	mean	zOTU,TIC,TAC
mock-16	Mock 7	Thermoanaerobacter_pseudethanolicus	Thermoanaerobacter pseudethanolicus	zOTU	UNOISE3	Zotu12	inferred_feature	0.02356781757765583	0.03394334146374698	2	1	mean	zOTU,TIC,TAC
mock-16	Mock 7	Thermoanaerobacter_pseudethanolicus	Thermoanaerobacter pseudethanolicus	zOTU	UNOISE3	Zotu33	inferred_feature	0.010375523886091151	0.03394334146374698	2	1	mean	zOTU,TIC,TAC
mock-16	Mock 7	Thermoanaerobacter_pseudethanolicus	Thermoanaerobacter pseudethanolicus	TIC	TIC	SOTU3901	inferred_feature	0.02356781757765582	0.02356781757765582	1	1	mean	zOTU,TIC,TAC
mock-16	Mock 7	Thermoanaerobacter_pseudethanolicus	Thermoanaerobacter pseudethanolicus	TAC	TAC	OTU43	inferred_feature	0.010375523886091151	0.010375523886091151	1	1	mean	zOTU,TIC,TAC
mock-16	Mock 7	Bacteroides_vulgatus	Bacteroides vulgatus	Expected	Expected	Bacteroides_vulgatus_ATCC_8482	expected_tip	0.005952380938584183	0.01785714281575255	3	1	mean	zOTU,TIC,TAC
mock-16	Mock 7	Bacteroides_vulgatus	Bacteroides vulgatus	Expected	Expected	Bacteroides_vulgatus_ATCC_8482__Copy1	expected_tip	0.005952380938584183	0.01785714281575255	3	1	mean	zOTU,TIC,TAC
mock-16	Mock 7	Bacteroides_vulgatus	Bacteroides vulgatus	Expected	Expected	Bacteroides_vulgatus_ATCC_8482__Copy2	expected_tip	0.005952380938584183	0.01785714281575255	3	1	mean	zOTU,TIC,TAC
mock-16	Mock 7	Bacteroides_vulgatus	Bacteroides vulgatus	zOTU	UNOISE3	Zotu23	inferred_feature	0.01830803042189255	0.025522231457887637	3	1	mean	zOTU,TIC,TAC
mock-16	Mock 7	Bacteroides_vulgatus	Bacteroides vulgatus	zOTU	UNOISE3	Zotu54	inferred_feature	0.003716111650759476	0.025522231457887637	3	1	mean	zOTU,TIC,TAC
mock-16	Mock 7	Bacteroides_vulgatus	Bacteroides vulgatus	zOTU	UNOISE3	Zotu55	inferred_feature	0.0034980893852356106	0.025522231457887637	3	1	mean	zOTU,TIC,TAC
mock-16	Mock 7	Bacteroides_vulgatus	Bacteroides vulgatus	TIC	TIC	SOTU301	inferred_feature	0.02552223145788763	0.02552223145788763	1	1	mean	zOTU,TIC,TAC
mock-16	Mock 7	Bacteroides_vulgatus	Bacteroides vulgatus	TAC	TAC	OTU10	inferred_feature	0.02552223145788764	0.02552223145788764	1	1	mean	zOTU,TIC,TAC
mock-16	Mock 7	Chloroflexus_aurantiacus	Chloroflexus aurantiacus	Expected	Expected	Chloroflexus_aurantiacus_J-10-fl	expected_tip	0.005952380938584183	0.01785714281575255	3	1	mean	zOTU,TIC,TAC
mock-16	Mock 7	Chloroflexus_aurantiacus	Chloroflexus aurantiacus	Expected	Expected	Chloroflexus_aurantiacus_J-10-fl__Copy2	expected_tip	0.005952380938584183	0.01785714281575255	3	1	mean	zOTU,TIC,TAC
mock-16	Mock 7	Chloroflexus_aurantiacus	Chloroflexus aurantiacus	Expected	Expected	Chloroflexus_aurantiacus_J-10-fl__Copy4	expected_tip	0.005952380938584183	0.01785714281575255	3	1	mean	zOTU,TIC,TAC
mock-16	Mock 7	Chloroflexus_aurantiacus	Chloroflexus aurantiacus	zOTU	UNOISE3	Zotu19	inferred_feature	0.01997239682388278	0.031050653190814254	2	1	mean	zOTU,TIC,TAC
mock-16	Mock 7	Chloroflexus_aurantiacus	Chloroflexus aurantiacus	zOTU	UNOISE3	Zotu32	inferred_feature	0.011078256366931473	0.031050653190814254	2	1	mean	zOTU,TIC,TAC
mock-16	Mock 7	Chloroflexus_aurantiacus	Chloroflexus aurantiacus	TIC	TIC	SOTU4601	inferred_feature	0.031050653190814244	0.031050653190814244	1	1	mean	zOTU,TIC,TAC
mock-16	Mock 7	Chloroflexus_aurantiacus	Chloroflexus aurantiacus	TAC	TAC	OTU61	inferred_feature	0.031050653190814258	0.031050653190814258	1	1	mean	zOTU,TIC,TAC
mock-16	Mock 7	Erwinia_chrysanthemi	Erwinia chrysanthemi	Expected	Expected	Erwinia_chrysanthemi	expected_tip	0.008928571407876274	0.01785714281575255	2	1	mean	zOTU,TIC,TAC
mock-16	Mock 7	Erwinia_chrysanthemi	Erwinia chrysanthemi	Expected	Expected	Erwinia_chrysanthemi__Copy1	expected_tip	0.008928571407876274	0.01785714281575255	2	1	mean	zOTU,TIC,TAC
mock-16	Mock 7	Erwinia_chrysanthemi	Erwinia chrysanthemi	zOTU	UNOISE3	Zotu8	inferred_feature	0.03169888010527361	0.03696256051577839	2	1	mean	zOTU,TIC,TAC
mock-16	Mock 7	Erwinia_chrysanthemi	Erwinia chrysanthemi	zOTU	UNOISE3	Zotu46	inferred_feature	0.00526368041050478	0.03696256051577839	2	1	mean	zOTU,TIC,TAC
mock-16	Mock 7	Erwinia_chrysanthemi	Erwinia chrysanthemi	TIC	TIC	SOTU4901	inferred_feature	0.03696256051577838	0.03696256051577838	1	1	mean	zOTU,TIC,TAC
mock-16	Mock 7	Erwinia_chrysanthemi	Erwinia chrysanthemi	TAC	TAC	OTU11	inferred_feature	0.03696256051577839	0.03696256051577839	1	1	mean	zOTU,TIC,TAC
mock-16	Mock 7	Fusobacterium_nucleatum	Fusobacterium nucleatum	Expected	Expected	Fusobacterium_nucleatum	expected_tip	0.004464285703938137	0.01785714281575255	4	1	mean	zOTU,TIC,TAC
mock-16	Mock 7	Fusobacterium_nucleatum	Fusobacterium nucleatum	Expected	Expected	Fusobacterium_nucleatum__Copy1	expected_tip	0.004464285703938137	0.01785714281575255	4	1	mean	zOTU,TIC,TAC
mock-16	Mock 7	Fusobacterium_nucleatum	Fusobacterium nucleatum	Expected	Expected	Fusobacterium_nucleatum__Copy3	expected_tip	0.004464285703938137	0.01785714281575255	4	1	mean	zOTU,TIC,TAC
mock-16	Mock 7	Fusobacterium_nucleatum	Fusobacterium nucleatum	Expected	Expected	Fusobacterium_nucleatum__Copy5	expected_tip	0.004464285703938137	0.01785714281575255	4	1	mean	zOTU,TIC,TAC
mock-16	Mock 7	Fusobacterium_nucleatum	Fusobacterium nucleatum	zOTU	UNOISE3	Zotu34	inferred_feature	0.009585193173567135	0.016443161400715188	3	1	mean	zOTU,TIC,TAC
mock-16	Mock 7	Fusobacterium_nucleatum	Fusobacterium nucleatum	zOTU	UNOISE3	Zotu56	inferred_feature	0.003476676484157373	0.016443161400715188	3	1	mean	zOTU,TIC,TAC
mock-16	Mock 7	Fusobacterium_nucleatum	Fusobacterium nucleatum	zOTU	UNOISE3	Zotu57	inferred_feature	0.003381291742990681	0.016443161400715188	3	1	mean	zOTU,TIC,TAC
mock-16	Mock 7	Fusobacterium_nucleatum	Fusobacterium nucleatum	TIC	TIC	SOTU201	inferred_feature	0.016443161400715185	0.016443161400715185	1	1	mean	zOTU,TIC,TAC
mock-16	Mock 7	Fusobacterium_nucleatum	Fusobacterium nucleatum	TAC	TAC	OTU67	inferred_feature	0.01644316140071519	0.01644316140071519	1	1	mean	zOTU,TIC,TAC
mock-16	Mock 7	Hydrogenobaculum_sp	Hydrogenobaculum sp	Expected	Expected	Hydrogenobaculum_sp._Y04AAS1	expected_tip	0.008928571407876274	0.01785714281575255	2	1	mean	zOTU,TIC,TAC
mock-16	Mock 7	Hydrogenobaculum_sp	Hydrogenobaculum sp	Expected	Expected	Hydrogenobaculum_sp._Y04AAS1__Copy1	expected_tip	0.008928571407876274	0.01785714281575255	2	1	mean	zOTU,TIC,TAC
mock-16	Mock 7	Hydrogenobaculum_sp	Hydrogenobaculum sp	zOTU	UNOISE3	Zotu25	inferred_feature	0.017091388315174545	0.017091388315174545	1	1	mean	zOTU,TIC,TAC
mock-16	Mock 7	Hydrogenobaculum_sp	Hydrogenobaculum sp	TIC	TIC	SOTU2701	inferred_feature	0.017091388315174542	0.017091388315174542	1	1	mean	zOTU,TIC,TAC
mock-16	Mock 7	Hydrogenobaculum_sp	Hydrogenobaculum sp	TAC	TAC	OTU65	inferred_feature	0.017091388315174545	0.017091388315174545	1	1	mean	zOTU,TIC,TAC
mock-16	Mock 7	Ignicoccus_hospitalis	Ignicoccus hospitalis	Expected	Expected	Ignicoccus_hospitalis_KIN4/I	expected_tip	0.008928571407876274	0.01785714281575255	2	1	mean	zOTU,TIC,TAC
mock-16	Mock 7	Ignicoccus_hospitalis	Ignicoccus hospitalis	Expected	Expected	Ignicoccus_hospitalis_KIN4/I__Copy1	expected_tip	0.008928571407876274	0.01785714281575255	2	1	mean	zOTU,TIC,TAC
mock-16	Mock 7	Ignicoccus_hospitalis	Ignicoccus hospitalis	zOTU	UNOISE3	Zotu60	inferred_feature	0.0021179305793747045	0.0021179305793747045	1	1	mean	zOTU,TIC,TAC
mock-16	Mock 7	Ignicoccus_hospitalis	Ignicoccus hospitalis	TIC	TIC	SOTU9960	inferred_feature	0.0021179305793747037	0.0021179305793747037	1	1	mean	zOTU,TIC,TAC
mock-16	Mock 7	Ignicoccus_hospitalis	Ignicoccus hospitalis	TAC	TAC	OTU15	inferred_feature	0.0021179305793747045	0.0021179305793747045	1	1	mean	zOTU,TIC,TAC
mock-16	Mock 7	Methanocaldococcus_jannaschii	Methanocaldococcus jannaschii	Expected	Expected	Methanocaldococcus_jannaschii_DSM_2661	expected_tip	0.008928571407876274	0.01785714281575255	2	1	mean	zOTU,TIC,TAC
mock-16	Mock 7	Methanocaldococcus_jannaschii	Methanocaldococcus jannaschii	Expected	Expected	Methanocaldococcus_jannaschii_DSM_2661__Copy1	expected_tip	0.008928571407876274	0.01785714281575255	2	1	mean	zOTU,TIC,TAC
mock-16	Mock 7	Methanocaldococcus_jannaschii	Methanocaldococcus jannaschii	zOTU	UNOISE3	Zotu35	inferred_feature	0.009328238360628292	0.009328238360628292	1	1	mean	zOTU,TIC,TAC
mock-16	Mock 7	Methanocaldococcus_jannaschii	Methanocaldococcus jannaschii	TIC	TIC	SOTU9935	inferred_feature	0.009328238360628288	0.009328238360628288	1	1	mean	zOTU,TIC,TAC
mock-16	Mock 7	Methanocaldococcus_jannaschii	Methanocaldococcus jannaschii	TAC	TAC	OTU59	inferred_feature	0.009328238360628292	0.009328238360628292	1	1	mean	zOTU,TIC,TAC
mock-16	Mock 7	Nostoc_sp	Nostoc sp	Expected	Expected	Nostoc_sp._PCC_7120	expected_tip	0.008928571407876274	0.01785714281575255	2	1	mean	zOTU,TIC,TAC
mock-16	Mock 7	Nostoc_sp	Nostoc sp	Expected	Expected	Nostoc_sp._PCC_7120__Copy2	expected_tip	0.008928571407876274	0.01785714281575255	2	1	mean	zOTU,TIC,TAC
mock-16	Mock 7	Nostoc_sp	Nostoc sp	zOTU	UNOISE3	Zotu18	inferred_feature	0.020001596234444013	0.020001596234444013	1	1	mean	zOTU,TIC,TAC
mock-16	Mock 7	Nostoc_sp	Nostoc sp	TIC	TIC	SOTU4501	inferred_feature	0.020001596234444002	0.020001596234444002	1	1	mean	zOTU,TIC,TAC
mock-16	Mock 7	Nostoc_sp	Nostoc sp	TAC	TAC	OTU66	inferred_feature	0.020001596234444013	0.020001596234444013	1	1	mean	zOTU,TIC,TAC
mock-20	Mock 10	Bacteroides_vulgatus	Bacteroides vulgatus	Expected	Expected	Bacteroides_vulgatus_ATCC_8482	expected_tip	0.016666666666666666	0.05	3	1	mean	zOTU,TIC,TAC
mock-20	Mock 10	Bacteroides_vulgatus	Bacteroides vulgatus	Expected	Expected	Bacteroides_vulgatus_ATCC_8482__Copy3	expected_tip	0.016666666666666666	0.05	3	1	mean	zOTU,TIC,TAC
mock-20	Mock 10	Bacteroides_vulgatus	Bacteroides vulgatus	Expected	Expected	Bacteroides_vulgatus_ATCC_8482__Copy4	expected_tip	0.016666666666666666	0.05	3	1	mean	zOTU,TIC,TAC
mock-20	Mock 10	Bacteroides_vulgatus	Bacteroides vulgatus	zOTU	UNOISE3	Zotu8	inferred_feature	0.047173965421267325	0.06449656455887606	3	1	mean	zOTU,TIC,TAC
mock-20	Mock 10	Bacteroides_vulgatus	Bacteroides vulgatus	zOTU	UNOISE3	Zotu17	inferred_feature	0.009064247318528118	0.06449656455887606	3	1	mean	zOTU,TIC,TAC
mock-20	Mock 10	Bacteroides_vulgatus	Bacteroides vulgatus	zOTU	UNOISE3	Zotu18	inferred_feature	0.008258351819080613	0.06449656455887606	3	1	mean	zOTU,TIC,TAC
mock-20	Mock 10	Bacteroides_vulgatus	Bacteroides vulgatus	TIC	TIC	SOTU601	inferred_feature	0.06449656455887605	0.06449656455887605	1	1	mean	zOTU,TIC,TAC
mock-20	Mock 10	Bacteroides_vulgatus	Bacteroides vulgatus	TAC	TAC	OTU14	inferred_feature	0.06449656455887605	0.06449656455887605	1	1	mean	zOTU,TIC,TAC
mock-20	Mock 10	Clostridium_beijerinckii	Clostridium beijerinckii	Expected	Expected	Clostridium_beijerinckii_ATCC_51743	expected_tip	0.025	0.05	2	1	mean	zOTU,TIC,TAC
mock-20	Mock 10	Clostridium_beijerinckii	Clostridium beijerinckii	Expected	Expected	Clostridium_beijerinckii_ATCC_51743__Copy3	expected_tip	0.025	0.05	2	1	mean	zOTU,TIC,TAC
mock-20	Mock 10	Clostridium_beijerinckii	Clostridium beijerinckii	zOTU	UNOISE3	Zotu7	inferred_feature	0.061032044731354304	0.061032044731354304	1	1	mean	zOTU,TIC,TAC
mock-20	Mock 10	Clostridium_beijerinckii	Clostridium beijerinckii	TIC	TIC	SOTU801	inferred_feature	0.061032044731354304	0.061032044731354304	1	1	mean	zOTU,TIC,TAC
mock-20	Mock 10	Clostridium_beijerinckii	Clostridium beijerinckii	TAC	TAC	OTU16	inferred_feature	0.061032044731354304	0.061032044731354304	1	1	mean	zOTU,TIC,TAC
mock-21	Mock 11	Clostridium_beijerinckii	Clostridium beijerinckii	Expected	Expected	Clostridium_beijerinckii_ATCC_51743	expected_tip	0.01095290249890471	0.02190580499780942	2	1	mean	zOTU,TIC,TAC
mock-21	Mock 11	Clostridium_beijerinckii	Clostridium beijerinckii	Expected	Expected	Clostridium_beijerinckii_ATCC_51743__Copy3	expected_tip	0.01095290249890471	0.02190580499780942	2	1	mean	zOTU,TIC,TAC
mock-21	Mock 11	Clostridium_beijerinckii	Clostridium beijerinckii	zOTU	UNOISE3	Zotu7	inferred_feature	0.018711035096983693	0.018711035096983693	1	1	mean	zOTU,TIC,TAC
mock-21	Mock 11	Clostridium_beijerinckii	Clostridium beijerinckii	TIC	TIC	SOTU1202	inferred_feature	0.018711035096983693	0.018711035096983693	1	1	mean	zOTU,TIC,TAC
mock-21	Mock 11	Clostridium_beijerinckii	Clostridium beijerinckii	TAC	TAC	OTU17	inferred_feature	0.018711035096983693	0.018711035096983693	1	1	mean	zOTU,TIC,TAC
mock-21	Mock 11	Bacteroides_vulgatus	Bacteroides vulgatus	Expected	Expected	Bacteroides_vulgatus_ATCC_8482	expected_tip	7.301936665936472e-05	0.00021905809997809417	3	1	mean	zOTU,TIC,TAC
mock-21	Mock 11	Bacteroides_vulgatus	Bacteroides vulgatus	Expected	Expected	Bacteroides_vulgatus_ATCC_8482__Copy3	expected_tip	7.301936665936472e-05	0.00021905809997809417	3	1	mean	zOTU,TIC,TAC
mock-21	Mock 11	Bacteroides_vulgatus	Bacteroides vulgatus	Expected	Expected	Bacteroides_vulgatus_ATCC_8482__Copy4	expected_tip	7.301936665936472e-05	0.00021905809997809417	3	1	mean	zOTU,TIC,TAC
mock-21	Mock 11	Bacteroides_vulgatus	Bacteroides vulgatus	zOTU	UNOISE3		missing	0.0	0.0	0	1	mean	zOTU,TIC,TAC
mock-21	Mock 11	Bacteroides_vulgatus	Bacteroides vulgatus	TIC	TIC		missing	0.0	0.0	0	1	mean	zOTU,TIC,TAC
mock-21	Mock 11	Bacteroides_vulgatus	Bacteroides vulgatus	TAC	TAC		missing	0.0	0.0	0	1	mean	zOTU,TIC,TAC
mock-22	Mock 12	Bacteroides_vulgatus	Bacteroides vulgatus	Expected	Expected	Bacteroides_vulgatus_ATCC_8482	expected_tip	0.016666666666666666	0.05	3	1	mean	zOTU,TIC,TAC
mock-22	Mock 12	Bacteroides_vulgatus	Bacteroides vulgatus	Expected	Expected	Bacteroides_vulgatus_ATCC_8482__Copy3	expected_tip	0.016666666666666666	0.05	3	1	mean	zOTU,TIC,TAC
mock-22	Mock 12	Bacteroides_vulgatus	Bacteroides vulgatus	Expected	Expected	Bacteroides_vulgatus_ATCC_8482__Copy4	expected_tip	0.016666666666666666	0.05	3	1	mean	zOTU,TIC,TAC
mock-22	Mock 12	Bacteroides_vulgatus	Bacteroides vulgatus	zOTU	UNOISE3	Zotu12	inferred_feature	0.043795982416430235	0.06095094382396595	3	1	mean	zOTU,TIC,TAC
mock-22	Mock 12	Bacteroides_vulgatus	Bacteroides vulgatus	zOTU	UNOISE3	Zotu20	inferred_feature	0.009673797151348347	0.06095094382396595	3	1	mean	zOTU,TIC,TAC
mock-22	Mock 12	Bacteroides_vulgatus	Bacteroides vulgatus	zOTU	UNOISE3	Zotu21	inferred_feature	0.007481164256187371	0.06095094382396595	3	1	mean	zOTU,TIC,TAC
mock-22	Mock 12	Bacteroides_vulgatus	Bacteroides vulgatus	TIC	TIC	SOTU1701	inferred_feature	0.06095094382396592	0.06095094382396592	1	1	mean	zOTU,TIC,TAC
mock-22	Mock 12	Bacteroides_vulgatus	Bacteroides vulgatus	TAC	TAC	OTU3	inferred_feature	0.06095094382396592	0.06095094382396592	1	1	mean	zOTU,TIC,TAC
mock-22	Mock 12	Clostridium_beijerinckii	Clostridium beijerinckii	Expected	Expected	Clostridium_beijerinckii_ATCC_51743	expected_tip	0.025	0.05	2	1	mean	zOTU,TIC,TAC
mock-22	Mock 12	Clostridium_beijerinckii	Clostridium beijerinckii	Expected	Expected	Clostridium_beijerinckii_ATCC_51743__Copy3	expected_tip	0.025	0.05	2	1	mean	zOTU,TIC,TAC
mock-22	Mock 12	Clostridium_beijerinckii	Clostridium beijerinckii	zOTU	UNOISE3	Zotu4	inferred_feature	0.07221873904126332	0.07221873904126332	1	1	mean	zOTU,TIC,TAC
mock-22	Mock 12	Clostridium_beijerinckii	Clostridium beijerinckii	TIC	TIC	SOTU1801	inferred_feature	0.07221873904126327	0.07221873904126327	1	1	mean	zOTU,TIC,TAC
mock-22	Mock 12	Clostridium_beijerinckii	Clostridium beijerinckii	TAC	TAC	OTU9	inferred_feature	0.07221873904126327	0.07221873904126327	1	1	mean	zOTU,TIC,TAC
mock-23	Mock 13	Clostridium_beijerinckii	Clostridium beijerinckii	Expected	Expected	Clostridium_beijerinckii_ATCC_51743	expected_tip	0.01095290249890471	0.02190580499780942	2	1	mean	zOTU,TIC,TAC
mock-23	Mock 13	Clostridium_beijerinckii	Clostridium beijerinckii	Expected	Expected	Clostridium_beijerinckii_ATCC_51743__Copy3	expected_tip	0.01095290249890471	0.02190580499780942	2	1	mean	zOTU,TIC,TAC
mock-23	Mock 13	Clostridium_beijerinckii	Clostridium beijerinckii	zOTU	UNOISE3	Zotu7	inferred_feature	0.029058701874803302	0.029058701874803302	1	1	mean	zOTU,TIC,TAC
mock-23	Mock 13	Clostridium_beijerinckii	Clostridium beijerinckii	TIC	TIC	SOTU701	inferred_feature	0.029058701874803295	0.029058701874803295	1	1	mean	zOTU,TIC,TAC
mock-23	Mock 13	Clostridium_beijerinckii	Clostridium beijerinckii	TAC	TAC	OTU4	inferred_feature	0.029058701874803295	0.029058701874803295	1	1	mean	zOTU,TIC,TAC
mock-23	Mock 13	Bacteroides_vulgatus	Bacteroides vulgatus	Expected	Expected	Bacteroides_vulgatus_ATCC_8482	expected_tip	7.301936665936472e-05	0.00021905809997809417	3	1	mean	zOTU,TIC,TAC
mock-23	Mock 13	Bacteroides_vulgatus	Bacteroides vulgatus	Expected	Expected	Bacteroides_vulgatus_ATCC_8482__Copy3	expected_tip	7.301936665936472e-05	0.00021905809997809417	3	1	mean	zOTU,TIC,TAC
mock-23	Mock 13	Bacteroides_vulgatus	Bacteroides vulgatus	Expected	Expected	Bacteroides_vulgatus_ATCC_8482__Copy4	expected_tip	7.301936665936472e-05	0.00021905809997809417	3	1	mean	zOTU,TIC,TAC
mock-23	Mock 13	Bacteroides_vulgatus	Bacteroides vulgatus	zOTU	UNOISE3	Zotu17	inferred_feature	0.00020606351252116834	0.00028848891752963565	3	1	mean	zOTU,TIC,TAC
mock-23	Mock 13	Bacteroides_vulgatus	Bacteroides vulgatus	zOTU	UNOISE3	Zotu23	inferred_feature	4.121270250423367e-05	0.00028848891752963565	3	1	mean	zOTU,TIC,TAC
mock-23	Mock 13	Bacteroides_vulgatus	Bacteroides vulgatus	zOTU	UNOISE3	Zotu24	inferred_feature	4.121270250423367e-05	0.00028848891752963565	3	1	mean	zOTU,TIC,TAC
mock-23	Mock 13	Bacteroides_vulgatus	Bacteroides vulgatus	TIC	TIC	SOTU601	inferred_feature	0.00028848891752963565	0.00028848891752963565	1	1	mean	zOTU,TIC,TAC
mock-23	Mock 13	Bacteroides_vulgatus	Bacteroides vulgatus	TAC	TAC	OTU7	inferred_feature	0.00028848891752963565	0.00028848891752963565	1	1	mean	zOTU,TIC,TAC
mock-4	Mock 1	Clostridium_beijerinckii	Clostridium beijerinckii	Expected	Expected	Clostridium_beijerinckii_ATCC_51743	expected_tip	0.01726381875	0.0345276375	2	4	mean	zOTU,TIC,TAC
mock-4	Mock 1	Clostridium_beijerinckii	Clostridium beijerinckii	Expected	Expected	Clostridium_beijerinckii_ATCC_51743__Copy3	expected_tip	0.01726381875	0.0345276375	2	4	mean	zOTU,TIC,TAC
mock-4	Mock 1	Clostridium_beijerinckii	Clostridium beijerinckii	zOTU	UNOISE3	Zotu8	inferred_feature	0.020565011176339354	0.020565011176339354	1	4	mean	zOTU,TIC,TAC
mock-4	Mock 1	Clostridium_beijerinckii	Clostridium beijerinckii	TIC	TIC	SOTU1001	inferred_feature	0.020565011176339354	0.020565011176339354	1	4	mean	zOTU,TIC,TAC
mock-4	Mock 1	Clostridium_beijerinckii	Clostridium beijerinckii	TAC	TAC	OTU15	inferred_feature	0.020565011176339354	0.020565011176339354	1	4	mean	zOTU,TIC,TAC
mock-4	Mock 1	Bacteroides_vulgatus	Bacteroides vulgatus	Expected	Expected	Bacteroides_vulgatus_ATCC_8482	expected_tip	0.007972235033333335	0.023916705100000005	3	4	mean	zOTU,TIC,TAC
mock-4	Mock 1	Bacteroides_vulgatus	Bacteroides vulgatus	Expected	Expected	Bacteroides_vulgatus_ATCC_8482__Copy3	expected_tip	0.007972235033333335	0.023916705100000005	3	4	mean	zOTU,TIC,TAC
mock-4	Mock 1	Bacteroides_vulgatus	Bacteroides vulgatus	Expected	Expected	Bacteroides_vulgatus_ATCC_8482__Copy4	expected_tip	0.007972235033333335	0.023916705100000005	3	4	mean	zOTU,TIC,TAC
mock-4	Mock 1	Bacteroides_vulgatus	Bacteroides vulgatus	zOTU	UNOISE3	Zotu14	inferred_feature	0.01290003423411817	0.01761059251114672	3	4	mean	zOTU,TIC,TAC
mock-4	Mock 1	Bacteroides_vulgatus	Bacteroides vulgatus	zOTU	UNOISE3	Zotu19	inferred_feature	0.002584813464280666	0.01761059251114672	3	4	mean	zOTU,TIC,TAC
mock-4	Mock 1	Bacteroides_vulgatus	Bacteroides vulgatus	zOTU	UNOISE3	Zotu20	inferred_feature	0.0021257448127478826	0.01761059251114672	3	4	mean	zOTU,TIC,TAC
mock-4	Mock 1	Bacteroides_vulgatus	Bacteroides vulgatus	TIC	TIC	SOTU1601	inferred_feature	0.017610592511146717	0.017610592511146717	1	4	mean	zOTU,TIC,TAC
mock-4	Mock 1	Bacteroides_vulgatus	Bacteroides vulgatus	TAC	TAC	OTU23	inferred_feature	0.017610592511146717	0.017610592511146717	1	4	mean	zOTU,TIC,TAC
mock-5	Mock 2	Clostridium_beijerinckii	Clostridium beijerinckii	Expected	Expected	Clostridium_beijerinckii_ATCC_51743	expected_tip	0.01726381875	0.0345276375	2	4	mean	zOTU,TIC,TAC
mock-5	Mock 2	Clostridium_beijerinckii	Clostridium beijerinckii	Expected	Expected	Clostridium_beijerinckii_ATCC_51743__Copy3	expected_tip	0.01726381875	0.0345276375	2	4	mean	zOTU,TIC,TAC
mock-5	Mock 2	Clostridium_beijerinckii	Clostridium beijerinckii	zOTU	UNOISE3	Zotu9	inferred_feature	0.01789347675888031	0.01789347675888031	1	4	mean	zOTU,TIC,TAC
mock-5	Mock 2	Clostridium_beijerinckii	Clostridium beijerinckii	TIC	TIC	SOTU1101	inferred_feature	0.01789347675888031	0.01789347675888031	1	4	mean	zOTU,TIC,TAC
mock-5	Mock 2	Clostridium_beijerinckii	Clostridium beijerinckii	TAC	TAC	OTU17	inferred_feature	0.01789347675888031	0.01789347675888031	1	4	mean	zOTU,TIC,TAC
mock-5	Mock 2	Bacteroides_vulgatus	Bacteroides vulgatus	Expected	Expected	Bacteroides_vulgatus_ATCC_8482	expected_tip	0.007972235033333335	0.023916705100000005	3	4	mean	zOTU,TIC,TAC
mock-5	Mock 2	Bacteroides_vulgatus	Bacteroides vulgatus	Expected	Expected	Bacteroides_vulgatus_ATCC_8482__Copy3	expected_tip	0.007972235033333335	0.023916705100000005	3	4	mean	zOTU,TIC,TAC
mock-5	Mock 2	Bacteroides_vulgatus	Bacteroides vulgatus	Expected	Expected	Bacteroides_vulgatus_ATCC_8482__Copy4	expected_tip	0.007972235033333335	0.023916705100000005	3	4	mean	zOTU,TIC,TAC
mock-5	Mock 2	Bacteroides_vulgatus	Bacteroides vulgatus	zOTU	UNOISE3	Zotu10	inferred_feature	0.01275824445856018	0.017497844935651336	3	4	mean	zOTU,TIC,TAC
mock-5	Mock 2	Bacteroides_vulgatus	Bacteroides vulgatus	zOTU	UNOISE3	Zotu19	inferred_feature	0.0025550235945815004	0.017497844935651336	3	4	mean	zOTU,TIC,TAC
mock-5	Mock 2	Bacteroides_vulgatus	Bacteroides vulgatus	zOTU	UNOISE3	Zotu20	inferred_feature	0.002184576882509656	0.017497844935651336	3	4	mean	zOTU,TIC,TAC
mock-5	Mock 2	Bacteroides_vulgatus	Bacteroides vulgatus	TIC	TIC	SOTU501	inferred_feature	0.017497844935651336	0.017497844935651336	1	4	mean	zOTU,TIC,TAC
mock-5	Mock 2	Bacteroides_vulgatus	Bacteroides vulgatus	TAC	TAC	OTU4	inferred_feature	0.017497844935651333	0.017497844935651333	1	4	mean	zOTU,TIC,TAC
