metric	label	method_a	method_b	method_a_label	method_b_label	stats_model	pairwise_test	statistic	w_plus	n_nonzero_pairs	n_pos_pairs	n_neg_pairs	n_zero_pairs	median_diff_a_minus_b	estimate	std_error	model_family	p_raw	p_adj_bh	p_value_used	p_adjustment	multiple_test_correction	significant_alpha	significant_bh_alpha	alpha	n_permutations
pair_group_distance_contrast	Pair-group distance contrast	denoising_phylogeny_aware__vs__denoising_phylogeny_aware	denoising_phylogeny_agnostic__vs__denoising_phylogeny_agnostic	Denoising | phylo-aware within-group	Denoising | phylo-agnostic within-group	paired_permutation	signed_rank_permutation	43.0	43.0	27				-0.0618957964391315	-0.0618957964391315		permutation	0.0004998750312421895	0.000661599306055839	0.000661599306055839	bh	True	True	True	0.05	4000
pair_group_distance_contrast	Pair-group distance contrast	denoising_phylogeny_aware__vs__denoising_phylogeny_aware	clustering_phylogeny_aware__vs__clustering_phylogeny_aware	Denoising | phylo-aware within-group	Clustering | phylo-aware within-group	paired_permutation	signed_rank_permutation	331.0	331.0	27				0.019014892071209454	0.019014892071209454		permutation	0.00024993751562109475	0.00034082388493785647	0.00034082388493785647	bh	True	True	True	0.05	4000
pair_group_distance_contrast	Pair-group distance contrast	denoising_phylogeny_aware__vs__denoising_phylogeny_aware	clustering_phylogeny_agnostic__vs__clustering_phylogeny_agnostic	Denoising | phylo-aware within-group	Clustering | phylo-agnostic within-group	paired_permutation	signed_rank_permutation	50.0	50.0	27				-0.06126917924318789	-0.06126917924318789		permutation	0.000999750062484379	0.0012853929374799157	0.0012853929374799157	bh	True	True	True	0.05	4000
pair_group_distance_contrast	Pair-group distance contrast	denoising_phylogeny_aware__vs__denoising_phylogeny_aware	denoising_phylogeny_aware__vs__denoising_phylogeny_agnostic	Denoising | phylo-aware within-group	Denoising | phylo-aware vs Denoising | phylo-agnostic	paired_permutation	signed_rank_permutation	2.0	2.0	27				-0.1926939114420129	-0.1926939114420129		permutation	0.00024993751562109475	0.00034082388493785647	0.00034082388493785647	bh	True	True	True	0.05	4000
pair_group_distance_contrast	Pair-group distance contrast	denoising_phylogeny_aware__vs__denoising_phylogeny_aware	clustering_phylogeny_aware__vs__clustering_phylogeny_agnostic	Denoising | phylo-aware within-group	Clustering | phylo-aware vs Clustering | phylo-agnostic	paired_permutation	signed_rank_permutation	1.0	1.0	27				-0.18355705527998376	-0.18355705527998376		permutation	0.00024993751562109475	0.00034082388493785647	0.00034082388493785647	bh	True	True	True	0.05	4000
pair_group_distance_contrast	Pair-group distance contrast	denoising_phylogeny_aware__vs__denoising_phylogeny_aware	denoising_phylogeny_aware__vs__clustering_phylogeny_aware	Denoising | phylo-aware within-group	Denoising | phylo-aware vs Clustering | phylo-aware	paired_permutation	signed_rank_permutation	360.0	360.0	27				0.016089216611842518	0.016089216611842518		permutation	0.00024993751562109475	0.00034082388493785647	0.00034082388493785647	bh	True	True	True	0.05	4000
pair_group_distance_contrast	Pair-group distance contrast	denoising_phylogeny_aware__vs__denoising_phylogeny_aware	denoising_phylogeny_agnostic__vs__clustering_phylogeny_agnostic	Denoising | phylo-aware within-group	Denoising | phylo-agnostic vs Clustering | phylo-agnostic	paired_permutation	signed_rank_permutation	21.0	21.0	27				-0.08505862315116834	-0.08505862315116834		permutation	0.00024993751562109475	0.00034082388493785647	0.00034082388493785647	bh	True	True	True	0.05	4000
pair_group_distance_contrast	Pair-group distance contrast	denoising_phylogeny_aware__vs__denoising_phylogeny_aware	denoising_phylogeny_aware__vs__clustering_phylogeny_agnostic	Denoising | phylo-aware within-group	Denoising | phylo-aware vs Clustering | phylo-agnostic	paired_permutation	signed_rank_permutation	5.0	5.0	27				-0.16379671517113303	-0.16379671517113303		permutation	0.00024993751562109475	0.00034082388493785647	0.00034082388493785647	bh	True	True	True	0.05	4000
pair_group_distance_contrast	Pair-group distance contrast	denoising_phylogeny_aware__vs__denoising_phylogeny_aware	denoising_phylogeny_agnostic__vs__clustering_phylogeny_aware	Denoising | phylo-aware within-group	Denoising | phylo-agnostic vs Clustering | phylo-aware	paired_permutation	signed_rank_permutation	3.0	3.0	27				-0.19740630260530123	-0.19740630260530123		permutation	0.00024993751562109475	0.00034082388493785647	0.00034082388493785647	bh	True	True	True	0.05	4000
pair_group_distance_contrast	Pair-group distance contrast	denoising_phylogeny_agnostic__vs__denoising_phylogeny_agnostic	clustering_phylogeny_aware__vs__clustering_phylogeny_aware	Denoising | phylo-agnostic within-group	Clustering | phylo-aware within-group	paired_permutation	signed_rank_permutation	353.0	353.0	27				0.08130514835064677	0.08130514835064677		permutation	0.00024993751562109475	0.00034082388493785647	0.00034082388493785647	bh	True	True	True	0.05	4000
pair_group_distance_contrast	Pair-group distance contrast	denoising_phylogeny_agnostic__vs__denoising_phylogeny_agnostic	clustering_phylogeny_agnostic__vs__clustering_phylogeny_agnostic	Denoising | phylo-agnostic within-group	Clustering | phylo-agnostic within-group	paired_permutation	signed_rank_permutation	199.0	199.0	27				0.015377162129729866	0.015377162129729866		permutation	0.8212946763309172	0.8212946763309171	0.8212946763309171	bh	True	False	False	0.05	4000
pair_group_distance_contrast	Pair-group distance contrast	denoising_phylogeny_agnostic__vs__denoising_phylogeny_agnostic	denoising_phylogeny_aware__vs__denoising_phylogeny_agnostic	Denoising | phylo-agnostic within-group	Denoising | phylo-aware vs Denoising | phylo-agnostic	paired_permutation	signed_rank_permutation	14.0	14.0	27				-0.10020058633445261	-0.10020058633445261		permutation	0.00024993751562109475	0.00034082388493785647	0.00034082388493785647	bh	True	True	True	0.05	4000
pair_group_distance_contrast	Pair-group distance contrast	denoising_phylogeny_agnostic__vs__denoising_phylogeny_agnostic	clustering_phylogeny_aware__vs__clustering_phylogeny_agnostic	Denoising | phylo-agnostic within-group	Clustering | phylo-aware vs Clustering | phylo-agnostic	paired_permutation	signed_rank_permutation	8.0	8.0	27				-0.08287954885034621	-0.08287954885034621		permutation	0.00024993751562109475	0.00034082388493785647	0.00034082388493785647	bh	True	True	True	0.05	4000
pair_group_distance_contrast	Pair-group distance contrast	denoising_phylogeny_agnostic__vs__denoising_phylogeny_agnostic	denoising_phylogeny_aware__vs__clustering_phylogeny_aware	Denoising | phylo-agnostic within-group	Denoising | phylo-aware vs Clustering | phylo-aware	paired_permutation	signed_rank_permutation	359.0	359.0	27				0.07801474104979197	0.07801474104979197		permutation	0.00024993751562109475	0.00034082388493785647	0.00034082388493785647	bh	True	True	True	0.05	4000
pair_group_distance_contrast	Pair-group distance contrast	denoising_phylogeny_agnostic__vs__denoising_phylogeny_agnostic	denoising_phylogeny_agnostic__vs__clustering_phylogeny_agnostic	Denoising | phylo-agnostic within-group	Denoising | phylo-agnostic vs Clustering | phylo-agnostic	paired_permutation	signed_rank_permutation	171.0	171.0	27				0.0015220443325910105	0.0015220443325910105		permutation	0.6803299175206199	0.695791961100634	0.695791961100634	bh	True	False	False	0.05	4000
pair_group_distance_contrast	Pair-group distance contrast	denoising_phylogeny_agnostic__vs__denoising_phylogeny_agnostic	denoising_phylogeny_aware__vs__clustering_phylogeny_agnostic	Denoising | phylo-agnostic within-group	Denoising | phylo-aware vs Clustering | phylo-agnostic	paired_permutation	signed_rank_permutation	11.0	11.0	27				-0.07462892590577817	-0.07462892590577817		permutation	0.00024993751562109475	0.00034082388493785647	0.00034082388493785647	bh	True	True	True	0.05	4000
pair_group_distance_contrast	Pair-group distance contrast	denoising_phylogeny_agnostic__vs__denoising_phylogeny_agnostic	denoising_phylogeny_agnostic__vs__clustering_phylogeny_aware	Denoising | phylo-agnostic within-group	Denoising | phylo-agnostic vs Clustering | phylo-aware	paired_permutation	signed_rank_permutation	13.0	13.0	27				-0.11020881577742303	-0.11020881577742303		permutation	0.00024993751562109475	0.00034082388493785647	0.00034082388493785647	bh	True	True	True	0.05	4000
pair_group_distance_contrast	Pair-group distance contrast	clustering_phylogeny_aware__vs__clustering_phylogeny_aware	clustering_phylogeny_agnostic__vs__clustering_phylogeny_agnostic	Clustering | phylo-aware within-group	Clustering | phylo-agnostic within-group	paired_permutation	signed_rank_permutation	20.0	20.0	27				-0.07377295172543352	-0.07377295172543352		permutation	0.00024993751562109475	0.00034082388493785647	0.00034082388493785647	bh	True	True	True	0.05	4000
pair_group_distance_contrast	Pair-group distance contrast	clustering_phylogeny_aware__vs__clustering_phylogeny_aware	denoising_phylogeny_aware__vs__denoising_phylogeny_agnostic	Clustering | phylo-aware within-group	Denoising | phylo-aware vs Denoising | phylo-agnostic	paired_permutation	signed_rank_permutation	1.0	1.0	27				-0.2132800612322235	-0.2132800612322235		permutation	0.00024993751562109475	0.00034082388493785647	0.00034082388493785647	bh	True	True	True	0.05	4000
pair_group_distance_contrast	Pair-group distance contrast	clustering_phylogeny_aware__vs__clustering_phylogeny_aware	clustering_phylogeny_aware__vs__clustering_phylogeny_agnostic	Clustering | phylo-aware within-group	Clustering | phylo-aware vs Clustering | phylo-agnostic	paired_permutation	signed_rank_permutation	0.0	0.0	27				-0.1877039946493568	-0.1877039946493568		permutation	0.00024993751562109475	0.00034082388493785647	0.00034082388493785647	bh	True	True	True	0.05	4000
pair_group_distance_contrast	Pair-group distance contrast	clustering_phylogeny_aware__vs__clustering_phylogeny_aware	denoising_phylogeny_aware__vs__clustering_phylogeny_aware	Clustering | phylo-aware within-group	Denoising | phylo-aware vs Clustering | phylo-aware	paired_permutation	signed_rank_permutation	119.0	119.0	27				-0.0028989582995584545	-0.0028989582995584545		permutation	0.09222694326418396	0.09881458206876853	0.09881458206876853	bh	True	False	False	0.05	4000
pair_group_distance_contrast	Pair-group distance contrast	clustering_phylogeny_aware__vs__clustering_phylogeny_aware	denoising_phylogeny_agnostic__vs__clustering_phylogeny_agnostic	Clustering | phylo-aware within-group	Denoising | phylo-agnostic vs Clustering | phylo-agnostic	paired_permutation	signed_rank_permutation	5.0	5.0	27				-0.09162300635691997	-0.09162300635691997		permutation	0.00024993751562109475	0.00034082388493785647	0.00034082388493785647	bh	True	True	True	0.05	4000
pair_group_distance_contrast	Pair-group distance contrast	clustering_phylogeny_aware__vs__clustering_phylogeny_aware	denoising_phylogeny_aware__vs__clustering_phylogeny_agnostic	Clustering | phylo-aware within-group	Denoising | phylo-aware vs Clustering | phylo-agnostic	paired_permutation	signed_rank_permutation	1.0	1.0	27				-0.18387673219652675	-0.18387673219652675		permutation	0.00024993751562109475	0.00034082388493785647	0.00034082388493785647	bh	True	True	True	0.05	4000
pair_group_distance_contrast	Pair-group distance contrast	clustering_phylogeny_aware__vs__clustering_phylogeny_aware	denoising_phylogeny_agnostic__vs__clustering_phylogeny_aware	Clustering | phylo-aware within-group	Denoising | phylo-agnostic vs Clustering | phylo-aware	paired_permutation	signed_rank_permutation	1.0	1.0	27				-0.2188187882626013	-0.2188187882626013		permutation	0.00024993751562109475	0.00034082388493785647	0.00034082388493785647	bh	True	True	True	0.05	4000
pair_group_distance_contrast	Pair-group distance contrast	clustering_phylogeny_agnostic__vs__clustering_phylogeny_agnostic	denoising_phylogeny_aware__vs__denoising_phylogeny_agnostic	Clustering | phylo-agnostic within-group	Denoising | phylo-aware vs Denoising | phylo-agnostic	paired_permutation	signed_rank_permutation	4.0	4.0	27				-0.1125847968331567	-0.1125847968331567		permutation	0.00024993751562109475	0.00034082388493785647	0.00034082388493785647	bh	True	True	True	0.05	4000
pair_group_distance_contrast	Pair-group distance contrast	clustering_phylogeny_agnostic__vs__clustering_phylogeny_agnostic	clustering_phylogeny_aware__vs__clustering_phylogeny_agnostic	Clustering | phylo-agnostic within-group	Clustering | phylo-aware vs Clustering | phylo-agnostic	paired_permutation	signed_rank_permutation	6.0	6.0	27				-0.0784721067953531	-0.0784721067953531		permutation	0.00024993751562109475	0.00034082388493785647	0.00034082388493785647	bh	True	True	True	0.05	4000
pair_group_distance_contrast	Pair-group distance contrast	clustering_phylogeny_agnostic__vs__clustering_phylogeny_agnostic	denoising_phylogeny_aware__vs__clustering_phylogeny_aware	Clustering | phylo-agnostic within-group	Denoising | phylo-aware vs Clustering | phylo-aware	paired_permutation	signed_rank_permutation	355.0	355.0	27				0.07111885526695405	0.07111885526695405		permutation	0.00024993751562109475	0.00034082388493785647	0.00034082388493785647	bh	True	True	True	0.05	4000
pair_group_distance_contrast	Pair-group distance contrast	clustering_phylogeny_agnostic__vs__clustering_phylogeny_agnostic	denoising_phylogeny_agnostic__vs__clustering_phylogeny_agnostic	Clustering | phylo-agnostic within-group	Denoising | phylo-agnostic vs Clustering | phylo-agnostic	paired_permutation	signed_rank_permutation	163.0	163.0	27				-0.0012292104229713607	-0.0012292104229713607		permutation	0.5483629092726818	0.5738681608667601	0.5738681608667601	bh	True	False	False	0.05	4000
pair_group_distance_contrast	Pair-group distance contrast	clustering_phylogeny_agnostic__vs__clustering_phylogeny_agnostic	denoising_phylogeny_aware__vs__clustering_phylogeny_agnostic	Clustering | phylo-agnostic within-group	Denoising | phylo-aware vs Clustering | phylo-agnostic	paired_permutation	signed_rank_permutation	16.0	16.0	27				-0.07446882561845293	-0.07446882561845293		permutation	0.00024993751562109475	0.00034082388493785647	0.00034082388493785647	bh	True	True	True	0.05	4000
pair_group_distance_contrast	Pair-group distance contrast	clustering_phylogeny_agnostic__vs__clustering_phylogeny_agnostic	denoising_phylogeny_agnostic__vs__clustering_phylogeny_aware	Clustering | phylo-agnostic within-group	Denoising | phylo-agnostic vs Clustering | phylo-aware	paired_permutation	signed_rank_permutation	4.0	4.0	27				-0.12256722661086106	-0.12256722661086106		permutation	0.00024993751562109475	0.00034082388493785647	0.00034082388493785647	bh	True	True	True	0.05	4000
pair_group_distance_contrast	Pair-group distance contrast	denoising_phylogeny_aware__vs__denoising_phylogeny_agnostic	clustering_phylogeny_aware__vs__clustering_phylogeny_agnostic	Denoising | phylo-aware vs Denoising | phylo-agnostic	Clustering | phylo-aware vs Clustering | phylo-agnostic	paired_permutation	signed_rank_permutation	311.0	311.0	27				0.025172008466495754	0.025172008466495754		permutation	0.0022494376405898524	0.002663807732277457	0.002663807732277457	bh	True	True	True	0.05	4000
pair_group_distance_contrast	Pair-group distance contrast	denoising_phylogeny_aware__vs__denoising_phylogeny_agnostic	denoising_phylogeny_aware__vs__clustering_phylogeny_aware	Denoising | phylo-aware vs Denoising | phylo-agnostic	Denoising | phylo-aware vs Clustering | phylo-aware	paired_permutation	signed_rank_permutation	377.0	377.0	27				0.21062596477374404	0.21062596477374404		permutation	0.00024993751562109475	0.00034082388493785647	0.00034082388493785647	bh	True	True	True	0.05	4000
pair_group_distance_contrast	Pair-group distance contrast	denoising_phylogeny_aware__vs__denoising_phylogeny_agnostic	denoising_phylogeny_agnostic__vs__clustering_phylogeny_agnostic	Denoising | phylo-aware vs Denoising | phylo-agnostic	Denoising | phylo-agnostic vs Clustering | phylo-agnostic	paired_permutation	signed_rank_permutation	352.0	352.0	27				0.115855748897107	0.115855748897107		permutation	0.00024993751562109475	0.00034082388493785647	0.00034082388493785647	bh	True	True	True	0.05	4000
pair_group_distance_contrast	Pair-group distance contrast	denoising_phylogeny_aware__vs__denoising_phylogeny_agnostic	denoising_phylogeny_aware__vs__clustering_phylogeny_agnostic	Denoising | phylo-aware vs Denoising | phylo-agnostic	Denoising | phylo-aware vs Clustering | phylo-agnostic	paired_permutation	signed_rank_permutation	309.0	309.0	27				0.03763601817122944	0.03763601817122944		permutation	0.001999500124968758	0.002431824476313354	0.002431824476313354	bh	True	True	True	0.05	4000
pair_group_distance_contrast	Pair-group distance contrast	denoising_phylogeny_aware__vs__denoising_phylogeny_agnostic	denoising_phylogeny_agnostic__vs__clustering_phylogeny_aware	Denoising | phylo-aware vs Denoising | phylo-agnostic	Denoising | phylo-agnostic vs Clustering | phylo-aware	paired_permutation	signed_rank_permutation	70.0	70.0	27				-0.016187755589784136	-0.016187755589784136		permutation	0.0034991252186953262	0.003840503288811944	0.003840503288811944	bh	True	True	True	0.05	4000
pair_group_distance_contrast	Pair-group distance contrast	clustering_phylogeny_aware__vs__clustering_phylogeny_agnostic	denoising_phylogeny_aware__vs__clustering_phylogeny_aware	Clustering | phylo-aware vs Clustering | phylo-agnostic	Denoising | phylo-aware vs Clustering | phylo-aware	paired_permutation	signed_rank_permutation	378.0	378.0	27				0.17774781746403098	0.17774781746403098		permutation	0.00024993751562109475	0.00034082388493785647	0.00034082388493785647	bh	True	True	True	0.05	4000
pair_group_distance_contrast	Pair-group distance contrast	clustering_phylogeny_aware__vs__clustering_phylogeny_agnostic	denoising_phylogeny_agnostic__vs__clustering_phylogeny_agnostic	Clustering | phylo-aware vs Clustering | phylo-agnostic	Denoising | phylo-agnostic vs Clustering | phylo-agnostic	paired_permutation	signed_rank_permutation	353.0	353.0	27				0.058680022216194505	0.058680022216194505		permutation	0.00024993751562109475	0.00034082388493785647	0.00034082388493785647	bh	True	True	True	0.05	4000
pair_group_distance_contrast	Pair-group distance contrast	clustering_phylogeny_aware__vs__clustering_phylogeny_agnostic	denoising_phylogeny_aware__vs__clustering_phylogeny_agnostic	Clustering | phylo-aware vs Clustering | phylo-agnostic	Denoising | phylo-aware vs Clustering | phylo-agnostic	paired_permutation	signed_rank_permutation	314.0	314.0	27				0.011706658113280255	0.011706658113280255		permutation	0.001999500124968758	0.002431824476313354	0.002431824476313354	bh	True	True	True	0.05	4000
pair_group_distance_contrast	Pair-group distance contrast	clustering_phylogeny_aware__vs__clustering_phylogeny_agnostic	denoising_phylogeny_agnostic__vs__clustering_phylogeny_aware	Clustering | phylo-aware vs Clustering | phylo-agnostic	Denoising | phylo-agnostic vs Clustering | phylo-aware	paired_permutation	signed_rank_permutation	69.0	69.0	27				-0.04487333875954619	-0.04487333875954619		permutation	0.0034991252186953262	0.003840503288811944	0.003840503288811944	bh	True	True	True	0.05	4000
pair_group_distance_contrast	Pair-group distance contrast	denoising_phylogeny_aware__vs__clustering_phylogeny_aware	denoising_phylogeny_agnostic__vs__clustering_phylogeny_agnostic	Denoising | phylo-aware vs Clustering | phylo-aware	Denoising | phylo-agnostic vs Clustering | phylo-agnostic	paired_permutation	signed_rank_permutation	8.0	8.0	27				-0.09444535230995138	-0.09444535230995138		permutation	0.00024993751562109475	0.00034082388493785647	0.00034082388493785647	bh	True	True	True	0.05	4000
pair_group_distance_contrast	Pair-group distance contrast	denoising_phylogeny_aware__vs__clustering_phylogeny_aware	denoising_phylogeny_aware__vs__clustering_phylogeny_agnostic	Denoising | phylo-aware vs Clustering | phylo-aware	Denoising | phylo-aware vs Clustering | phylo-agnostic	paired_permutation	signed_rank_permutation	0.0	0.0	27				-0.16199934948461067	-0.16199934948461067		permutation	0.00024993751562109475	0.00034082388493785647	0.00034082388493785647	bh	True	True	True	0.05	4000
pair_group_distance_contrast	Pair-group distance contrast	denoising_phylogeny_aware__vs__clustering_phylogeny_aware	denoising_phylogeny_agnostic__vs__clustering_phylogeny_aware	Denoising | phylo-aware vs Clustering | phylo-aware	Denoising | phylo-agnostic vs Clustering | phylo-aware	paired_permutation	signed_rank_permutation	0.0	0.0	27				-0.21616469180412182	-0.21616469180412182		permutation	0.00024993751562109475	0.00034082388493785647	0.00034082388493785647	bh	True	True	True	0.05	4000
pair_group_distance_contrast	Pair-group distance contrast	denoising_phylogeny_agnostic__vs__clustering_phylogeny_agnostic	denoising_phylogeny_aware__vs__clustering_phylogeny_agnostic	Denoising | phylo-agnostic vs Clustering | phylo-agnostic	Denoising | phylo-aware vs Clustering | phylo-agnostic	paired_permutation	signed_rank_permutation	26.0	26.0	27				-0.04641854559331074	-0.04641854559331074		permutation	0.00024993751562109475	0.00034082388493785647	0.00034082388493785647	bh	True	True	True	0.05	4000
pair_group_distance_contrast	Pair-group distance contrast	denoising_phylogeny_agnostic__vs__clustering_phylogeny_agnostic	denoising_phylogeny_agnostic__vs__clustering_phylogeny_aware	Denoising | phylo-agnostic vs Clustering | phylo-agnostic	Denoising | phylo-agnostic vs Clustering | phylo-aware	paired_permutation	signed_rank_permutation	21.0	21.0	27				-0.12521635814978388	-0.12521635814978388		permutation	0.00024993751562109475	0.00034082388493785647	0.00034082388493785647	bh	True	True	True	0.05	4000
pair_group_distance_contrast	Pair-group distance contrast	denoising_phylogeny_aware__vs__clustering_phylogeny_agnostic	denoising_phylogeny_agnostic__vs__clustering_phylogeny_aware	Denoising | phylo-aware vs Clustering | phylo-agnostic	Denoising | phylo-agnostic vs Clustering | phylo-aware	paired_permutation	signed_rank_permutation	68.0	68.0	27				-0.05577196526793049	-0.05577196526793049		permutation	0.0024993751562109472	0.0028838944110126316	0.0028838944110126316	bh	True	True	True	0.05	4000
