community_id	sample_id	sample_key	community_label	sample_label	pair_group_id	pair_group_label	n_pairs	mean_abs_difference	median_abs_difference	sd_abs_difference	min_abs_difference	max_abs_difference	mean_signed_difference	median_signed_difference	summary_abs_difference	summary_stat
mock-12	Mock 3	mock-12|Mock 3	Mock 3	Mock 3	denoising_phylogeny_agnostic__vs__denoising_phylogeny_agnostic	Denoising | phylo-agnostic within-group	15	0.10262402442965567	0.10622250157133883	0.06579109922373151	0.0043474530288173385	0.19860061837799542	0.0063222259773665175	0.022694404540684665	0.10262402442965567	mean
mock-12	Mock 3	mock-12|Mock 3	Mock 3	Mock 3	denoising_phylogeny_aware__vs__denoising_phylogeny_agnostic	Denoising | phylo-aware vs Denoising | phylo-agnostic	36	0.3544722942324887	0.3681582429220015	0.15477546294520572	0.04256739422036837	0.5595095057735094	0.14705425188957136	0.35036041142963625	0.3544722942324887	mean
mock-12	Mock 3	mock-12|Mock 3	Mock 3	Mock 3	denoising_phylogeny_agnostic__vs__clustering_phylogeny_agnostic	Denoising | phylo-agnostic vs Clustering | phylo-agnostic	54	0.2887189719765867	0.31451537482274766	0.16483602539599726	0.008933852590482516	0.5250634167613099	0.24935641417689777	0.31451537482274766	0.2887189719765867	mean
mock-12	Mock 3	mock-12|Mock 3	Mock 3	Mock 3	denoising_phylogeny_agnostic__vs__clustering_phylogeny_aware	Denoising | phylo-agnostic vs Clustering | phylo-aware	54	0.32528835931767025	0.3753318641920955	0.19330096975191094	0.005997944325906501	0.5664168197030651	0.3189476063925933	0.3753318641920955	0.32528835931767025	mean
mock-12	Mock 3	mock-12|Mock 3	Mock 3	Mock 3	denoising_phylogeny_aware__vs__denoising_phylogeny_aware	Denoising | phylo-aware within-group	15	0.17027898648794343	0.1302119431612594	0.17065095820905907	0.0012022332466112978	0.4305181391853844	0.02338089418610813	0.0182198921519115	0.17027898648794343	mean
mock-12	Mock 3	mock-12|Mock 3	Mock 3	Mock 3	denoising_phylogeny_aware__vs__clustering_phylogeny_agnostic	Denoising | phylo-aware vs Clustering | phylo-agnostic	54	0.19831486332636114	0.0847035399354841	0.18917158773741394	0.008874624691670899	0.5406978865307933	-0.09627746376340071	-0.0591320756149554	0.19831486332636114	mean
mock-12	Mock 3	mock-12|Mock 3	Mock 3	Mock 3	denoising_phylogeny_aware__vs__clustering_phylogeny_aware	Denoising | phylo-aware vs Clustering | phylo-aware	54	0.17149290011735607	0.08696093684653344	0.1730609121496851	0.0059382473907343	0.4374254531149401	-0.026686271547705177	0.011450523977708248	0.17149290011735607	mean
mock-12	Mock 3	mock-12|Mock 3	Mock 3	Mock 3	clustering_phylogeny_agnostic__vs__clustering_phylogeny_agnostic	Clustering | phylo-agnostic within-group	36	0.23154816573113132	0.2273887289050055	0.20380343755388777	0.0	0.5062517975185937	0.08896756008877182	0.0502574509232845	0.23154816573113132	mean
mock-12	Mock 3	mock-12|Mock 3	Mock 3	Mock 3	clustering_phylogeny_aware__vs__clustering_phylogeny_agnostic	Clustering | phylo-aware vs Clustering | phylo-agnostic	81	0.21919966420452094	0.09279942459156951	0.18350257367022912	0.0233666774976337	0.547605200460349	0.02873891647899167	0.0412862350077676	0.21919966420452094	mean
mock-12	Mock 3	mock-12|Mock 3	Mock 3	Mock 3	clustering_phylogeny_aware__vs__clustering_phylogeny_aware	Clustering | phylo-aware within-group	36	0.20199177890177056	0.2004280016102391	0.19572597734361494	2.8318058768499882e-05	0.404903871751255	0.0664421225440618	0.008531573654962639	0.20199177890177056	mean
mock-13	Mock 4	mock-13|Mock 4	Mock 4	Mock 4	denoising_phylogeny_agnostic__vs__denoising_phylogeny_agnostic	Denoising | phylo-agnostic within-group	15	0.11727289379769207	0.10876811531558045	0.06983447164792643	0.001338904174772615	0.24018832030336112	0.06303858457927343	0.0687450557063915	0.11727289379769207	mean
mock-13	Mock 4	mock-13|Mock 4	Mock 4	Mock 4	denoising_phylogeny_aware__vs__denoising_phylogeny_agnostic	Denoising | phylo-aware vs Denoising | phylo-agnostic	36	0.19742018969089115	0.18061892261018342	0.11760720985863858	0.0113764422597471	0.4364542497339211	0.1249659058495578	0.1712139902032842	0.19742018969089115	mean
mock-13	Mock 4	mock-13|Mock 4	Mock 4	Mock 4	denoising_phylogeny_agnostic__vs__clustering_phylogeny_agnostic	Denoising | phylo-agnostic vs Clustering | phylo-agnostic	54	0.12271268007864827	0.11617310489280938	0.08263672084664091	0.0127552134653513	0.2864684637476361	0.09094535363715721	0.07885279995957878	0.12271268007864827	mean
mock-13	Mock 4	mock-13|Mock 4	Mock 4	Mock 4	denoising_phylogeny_agnostic__vs__clustering_phylogeny_aware	Denoising | phylo-agnostic vs Clustering | phylo-aware	54	0.24377616551354694	0.22886626445939706	0.11078391504005988	0.050298346521750525	0.44492672424560353	0.24377616551354694	0.22886626445939706	0.24377616551354694	mean
mock-13	Mock 4	mock-13|Mock 4	Mock 4	Mock 4	denoising_phylogeny_aware__vs__denoising_phylogeny_aware	Denoising | phylo-aware within-group	15	0.1513804164916667	0.16704169610390301	0.10509828186672045	0.025721391314662112	0.3107724139276564	0.09457851920891322	0.060871455458639284	0.1513804164916667	mean
mock-13	Mock 4	mock-13|Mock 4	Mock 4	Mock 4	denoising_phylogeny_aware__vs__clustering_phylogeny_agnostic	Denoising | phylo-aware vs Clustering | phylo-agnostic	54	0.14260169531814348	0.12684101677643533	0.08196404057912701	0.004153430312628492	0.31493092095298936	-0.08498406847992053	-0.09907428436688753	0.14260169531814348	mean
mock-13	Mock 4	mock-13|Mock 4	Mock 4	Mock 4	denoising_phylogeny_aware__vs__clustering_phylogeny_aware	Denoising | phylo-aware vs Clustering | phylo-aware	54	0.11697299696135514	0.09377087754318153	0.09672899026081463	0.0016467990109194086	0.3192448884393388	0.0678467433964692	0.04807571933950826	0.11697299696135514	mean
mock-13	Mock 4	mock-13|Mock 4	Mock 4	Mock 4	clustering_phylogeny_agnostic__vs__clustering_phylogeny_agnostic	Clustering | phylo-agnostic within-group	36	0.08247223839171802	0.08247002912699994	0.08106862217897201	0.0	0.16494513496670438	-0.0008608950914976462	-4.229775993902507e-06	0.08247223839171802	mean
mock-13	Mock 4	mock-13|Mock 4	Mock 4	Mock 4	clustering_phylogeny_aware__vs__clustering_phylogeny_agnostic	Clustering | phylo-aware vs Clustering | phylo-agnostic	81	0.15283081187638975	0.1584582604979674	0.10203011686227566	0.004018203077475524	0.3234033954646718	0.05094383647426121	0.1259206137467928	0.15283081187638975	mean
mock-13	Mock 4	mock-13|Mock 4	Mock 4	Mock 4	clustering_phylogeny_aware__vs__clustering_phylogeny_aware	Clustering | phylo-aware within-group	36	0.0772202158934576	0.07722002871024591	0.06397780433366074	0.0	0.15444005742049188	0.020318619349228555	3.0253832203064324e-06	0.0772202158934576	mean
mock-14	Mock 5	mock-14|Mock 5	Mock 5	Mock 5	denoising_phylogeny_agnostic__vs__denoising_phylogeny_agnostic	Denoising | phylo-agnostic within-group	15	0.10813464987938369	0.10399167835054446	0.06213660304347821	0.026400103521429297	0.2357984947151876	0.07491353909051875	0.07825203252032537	0.10813464987938369	mean
mock-14	Mock 5	mock-14|Mock 5	Mock 5	Mock 5	denoising_phylogeny_aware__vs__denoising_phylogeny_agnostic	Denoising | phylo-aware vs Denoising | phylo-agnostic	36	0.2203995939563913	0.22266306345010808	0.1306039174220402	0.0011184046286533134	0.4335672104954751	0.12697334431203788	0.1898688467123385	0.2203995939563913	mean
mock-14	Mock 5	mock-14|Mock 5	Mock 5	Mock 5	denoising_phylogeny_agnostic__vs__clustering_phylogeny_agnostic	Denoising | phylo-agnostic vs Clustering | phylo-agnostic	54	0.10454384505928431	0.09731176024989471	0.07441873427465381	0.0039551746868820015	0.27723366542017414	0.0675058239306583	0.07216005147119597	0.10454384505928431	mean
mock-14	Mock 5	mock-14|Mock 5	Mock 5	Mock 5	denoising_phylogeny_agnostic__vs__clustering_phylogeny_aware	Denoising | phylo-agnostic vs Clustering | phylo-aware	54	0.24542940710642272	0.2589243550509802	0.1379342293934595	3.57677494145503e-05	0.4462676716285056	0.23178114663357807	0.2589243550509802	0.24542940710642272	mean
mock-14	Mock 5	mock-14|Mock 5	Mock 5	Mock 5	denoising_phylogeny_aware__vs__denoising_phylogeny_aware	Denoising | phylo-aware within-group	15	0.19500812168268938	0.2460883585477141	0.1468036937744337	0.006254913437172799	0.3935106409087302	0.12408694550889109	0.07364571903447525	0.19500812168268938	mean
mock-14	Mock 5	mock-14|Mock 5	Mock 5	Mock 5	denoising_phylogeny_aware__vs__clustering_phylogeny_agnostic	Denoising | phylo-aware vs Clustering | phylo-agnostic	54	0.18276357578516186	0.19246241376513387	0.10232139703454866	0.0009706698357769827	0.318894252038478	-0.11839683373509925	-0.153215493671628	0.18276357578516186	mean
mock-14	Mock 5	mock-14|Mock 5	Mock 5	Mock 5	denoising_phylogeny_aware__vs__clustering_phylogeny_aware	Denoising | phylo-aware vs Clustering | phylo-aware	54	0.15938044042655988	0.08306708894135768	0.14182504985453828	0.0025821737495531905	0.40621110204176075	0.045878488967820506	0.05024313314790614	0.15938044042655988	mean
mock-14	Mock 5	mock-14|Mock 5	Mock 5	Mock 5	clustering_phylogeny_agnostic__vs__clustering_phylogeny_agnostic	Clustering | phylo-agnostic within-group	36	0.08210684359002679	0.0812709481666751	0.07511665286874786	0.0	0.16256070696317704	0.022296340495140225	-9.405314913418783e-06	0.08210684359002679	mean
mock-14	Mock 5	mock-14|Mock 5	Mock 5	Mock 5	clustering_phylogeny_aware__vs__clustering_phylogeny_agnostic	Clustering | phylo-aware vs Clustering | phylo-agnostic	81	0.1944596791261574	0.1637151656846408	0.11656294260271856	0.0016691927408006846	0.3315947131715085	0.04657341965349577	0.054779308565864715	0.1944596791261574	mean
mock-14	Mock 5	mock-14|Mock 5	Mock 5	Mock 5	clustering_phylogeny_aware__vs__clustering_phylogeny_aware	Clustering | phylo-aware within-group	36	0.15206292907376415	0.15211597810256244	0.1405520348026469	7.56293176490952e-05	0.3268764326421966	0.031088730281379113	-0.005979248099398274	0.15206292907376415	mean
mock-15	Mock 6	mock-15|Mock 6	Mock 6	Mock 6	denoising_phylogeny_agnostic__vs__denoising_phylogeny_agnostic	Denoising | phylo-agnostic within-group	15	0.1155658503899709	0.09708463065513301	0.0767456462395905	0.0017186087384831183	0.24307311007440408	0.01661814370509877	0.0173689066769232	0.1155658503899709	mean
mock-15	Mock 6	mock-15|Mock 6	Mock 6	Mock 6	denoising_phylogeny_aware__vs__denoising_phylogeny_agnostic	Denoising | phylo-aware vs Denoising | phylo-agnostic	36	0.18156994501762216	0.16691646839731555	0.11738826270947521	0.00086160908070676	0.44045553221165795	0.0989039569291579	0.15098129708343172	0.18156994501762216	mean
mock-15	Mock 6	mock-15|Mock 6	Mock 6	Mock 6	denoising_phylogeny_agnostic__vs__clustering_phylogeny_agnostic	Denoising | phylo-agnostic vs Clustering | phylo-agnostic	54	0.10130113980283302	0.08261514356183433	0.07542912984525964	0.00189753320683117	0.28619255702694757	0.05859560367603139	0.047774312082328574	0.10130113980283302	mean
mock-15	Mock 6	mock-15|Mock 6	Mock 6	Mock 6	denoising_phylogeny_agnostic__vs__clustering_phylogeny_aware	Denoising | phylo-agnostic vs Clustering | phylo-aware	54	0.20594957566163538	0.20358217931058778	0.12229680185490326	0.0021289204931019268	0.44799802220721996	0.19673360385939803	0.20358217931058778	0.20594957566163538	mean
mock-15	Mock 6	mock-15|Mock 6	Mock 6	Mock 6	denoising_phylogeny_aware__vs__denoising_phylogeny_aware	Denoising | phylo-aware within-group	15	0.13616969932589304	0.15358520163201478	0.09393483972958387	0.0005319976598189002	0.2680725574067706	0.07015772063552353	0.060489773904579325	0.13616969932589304	mean
mock-15	Mock 6	mock-15|Mock 6	Mock 6	Mock 6	denoising_phylogeny_aware__vs__clustering_phylogeny_agnostic	Denoising | phylo-aware vs Clustering | phylo-agnostic	54	0.14244153716577904	0.11373881611119555	0.08341455998902243	0.03990955172459959	0.3172372881638358	-0.10678942662145373	-0.10727614449864037	0.14244153716577904	mean
mock-15	Mock 6	mock-15|Mock 6	Mock 6	Mock 6	denoising_phylogeny_aware__vs__clustering_phylogeny_aware	Denoising | phylo-aware vs Clustering | phylo-aware	54	0.11583809806331982	0.09317425497362769	0.09711673410829766	0.00021263500242840738	0.2756150474023326	0.031348573561912924	0.010960433549338261	0.11583809806331982	mean
mock-15	Mock 6	mock-15|Mock 6	Mock 6	Mock 6	clustering_phylogeny_agnostic__vs__clustering_phylogeny_agnostic	Clustering | phylo-agnostic within-group	36	0.08260413010673609	0.08148271507005311	0.059402626476135194	0.0	0.1629743129791254	0.006665601573250761	-3.7999535421606723e-06	0.08260413010673609	mean
mock-15	Mock 6	mock-15|Mock 6	Mock 6	Mock 6	clustering_phylogeny_aware__vs__clustering_phylogeny_agnostic	Clustering | phylo-aware vs Clustering | phylo-agnostic	81	0.1610762369020892	0.15535564836944146	0.09128064062491847	0.0171261517028371	0.3247797781593978	0.03709033886289785	0.055955247031658994	0.1610762369020892	mean
mock-15	Mock 6	mock-15|Mock 6	Mock 6	Mock 6	clustering_phylogeny_aware__vs__clustering_phylogeny_aware	Clustering | phylo-aware within-group	36	0.12182249899141777	0.106674721478076	0.09548346536430778	2.050488712881937e-05	0.2688245311277388	0.013611336899626717	-0.0027110056173398622	0.12182249899141777	mean
mock-16	Mock 7	mock-16|Mock 7	Mock 7	Mock 7	denoising_phylogeny_agnostic__vs__denoising_phylogeny_agnostic	Denoising | phylo-agnostic within-group	15	0.11662455193318991	0.10988810874307842	0.06890158399289974	0.022756766380542526	0.2364364850403668	0.03707891823372396	0.06063784921637627	0.11662455193318991	mean
mock-16	Mock 7	mock-16|Mock 7	Mock 7	Mock 7	denoising_phylogeny_aware__vs__denoising_phylogeny_agnostic	Denoising | phylo-aware vs Denoising | phylo-agnostic	36	0.2347862613964814	0.21947555168123423	0.09353182976607426	0.06497402412979109	0.3981159569714915	0.14034908133403515	0.1943032970802448	0.2347862613964814	mean
mock-16	Mock 7	mock-16|Mock 7	Mock 7	Mock 7	denoising_phylogeny_agnostic__vs__clustering_phylogeny_agnostic	Denoising | phylo-agnostic vs Clustering | phylo-agnostic	54	0.09842569246935656	0.08411302272858767	0.07563861121395955	0.006429722052715581	0.2228376506547426	0.02783207131669565	0.029370707374001742	0.09842569246935656	mean
mock-16	Mock 7	mock-16|Mock 7	Mock 7	Mock 7	denoising_phylogeny_agnostic__vs__clustering_phylogeny_aware	Denoising | phylo-agnostic vs Clustering | phylo-aware	54	0.2583749499142576	0.23967031997723826	0.08949043750357209	0.1209039388320701	0.4024142827845727	0.2583749499142576	0.23967031997723826	0.2583749499142576	mean
mock-16	Mock 7	mock-16|Mock 7	Mock 7	Mock 7	denoising_phylogeny_aware__vs__denoising_phylogeny_aware	Denoising | phylo-aware within-group	15	0.042092349954468505	0.03543369175236252	0.02553336029284086	0.01082770565047711	0.09670544780133361	0.023627373241234952	0.030505805278626702	0.042092349954468505	mean
mock-16	Mock 7	mock-16|Mock 7	Mock 7	Mock 7	denoising_phylogeny_aware__vs__clustering_phylogeny_agnostic	Denoising | phylo-aware vs Clustering | phylo-agnostic	54	0.2069541900797858	0.1721756480829949	0.09031976592758992	0.07857285851541529	0.36662955603595404	-0.2069541900797858	-0.1721756480829949	0.2069541900797858	mean
mock-16	Mock 7	mock-16|Mock 7	Mock 7	Mock 7	denoising_phylogeny_aware__vs__clustering_phylogeny_aware	Denoising | phylo-aware vs Clustering | phylo-aware	54	0.03400498473275289	0.025143143721296238	0.02743364225408634	0.0005579778300492111	0.10100377361441482	0.02358868851777615	0.020512430636877743	0.03400498473275289	mean
mock-16	Mock 7	mock-16|Mock 7	Mock 7	Mock 7	clustering_phylogeny_agnostic__vs__clustering_phylogeny_agnostic	Clustering | phylo-agnostic within-group	36	0.09360272990281084	0.09469113290597236	0.0849852791225633	0.0004135301094678745	0.19135124971920514	-0.004352515216320558	-0.002949513237662904	0.09360272990281084	mean
mock-16	Mock 7	mock-16|Mock 7	Mock 7	Mock 7	clustering_phylogeny_aware__vs__clustering_phylogeny_agnostic	Clustering | phylo-aware vs Clustering | phylo-agnostic	81	0.23054287859756192	0.18851863673820282	0.0863345080273365	0.1345027732176943	0.37092788184903525	0.07527316614080484	0.1576703652032977	0.23054287859756192	mean
mock-16	Mock 7	mock-16|Mock 7	Mock 7	Mock 7	clustering_phylogeny_aware__vs__clustering_phylogeny_aware	Clustering | phylo-aware within-group	36	0.023077457883259052	0.022284783833314156	0.015963279172473453	9.972349651082846e-06	0.045073858912135806	-0.00638591574606547	-0.0004759789993185465	0.023077457883259052	mean
mock-18	Mock 8	mock-18|Mock 8	Mock 8	Mock 8	denoising_phylogeny_agnostic__vs__denoising_phylogeny_agnostic	Denoising | phylo-agnostic within-group	15	0.10634840040261179	0.1098039215686275	0.06461157695121016	0.011880603365472309	0.2503291724960784	0.02853672024869003	0.038941861641373615	0.10634840040261179	mean
mock-18	Mock 8	mock-18|Mock 8	Mock 8	Mock 8	denoising_phylogeny_aware__vs__denoising_phylogeny_agnostic	Denoising | phylo-aware vs Denoising | phylo-agnostic	36	0.10992428802409866	0.09797260966793175	0.07657188893302423	0.006162989505422399	0.29028315777923747	0.0729855929223797	0.07589543881225685	0.10992428802409866	mean
mock-18	Mock 8	mock-18|Mock 8	Mock 8	Mock 8	denoising_phylogeny_agnostic__vs__clustering_phylogeny_agnostic	Denoising | phylo-agnostic vs Clustering | phylo-agnostic	54	0.09448854764251495	0.08312395920729791	0.07033256899694557	0.0	0.2503291724960784	0.034294296502597056	0.033001559958637405	0.09448854764251495	mean
mock-18	Mock 8	mock-18|Mock 8	Mock 8	Mock 8	denoising_phylogeny_agnostic__vs__clustering_phylogeny_aware	Denoising | phylo-agnostic vs Clustering | phylo-aware	54	0.12099445009190529	0.11367834003273941	0.07865143995311279	0.015909109989545894	0.29028315777923747	0.11167688934216233	0.11367834003273941	0.12099445009190529	mean
mock-18	Mock 8	mock-18|Mock 8	Mock 8	Mock 8	denoising_phylogeny_aware__vs__denoising_phylogeny_aware	Denoising | phylo-aware within-group	15	0.06382752012632771	0.056978478727665406	0.035806933869215574	0.022824290994600496	0.1431197764949014	-0.010226004304287377	-0.0269847688640735	0.06382752012632771	mean
mock-18	Mock 8	mock-18|Mock 8	Mock 8	Mock 8	denoising_phylogeny_aware__vs__clustering_phylogeny_agnostic	Denoising | phylo-aware vs Clustering | phylo-agnostic	54	0.08936864431692115	0.07786960305066445	0.06627437652491598	0.006162989505422399	0.23326316197365624	-0.06189133872608207	-0.0543060243509197	0.08936864431692115	mean
mock-18	Mock 8	mock-18|Mock 8	Mock 8	Mock 8	denoising_phylogeny_aware__vs__clustering_phylogeny_aware	Denoising | phylo-aware vs Clustering | phylo-aware	54	0.05290723986851472	0.049809059858673996	0.039615739021243206	0.0	0.1431197764949014	0.01549125411348321	0.011412145497300304	0.05290723986851472	mean
mock-18	Mock 8	mock-18|Mock 8	Mock 8	Mock 8	clustering_phylogeny_agnostic__vs__clustering_phylogeny_agnostic	Clustering | phylo-agnostic within-group	36	0.09665458834524854	0.09665458834524851	0.07002891646076662	0.0	0.19330917669049713	-0.013790443882121002	0.0	0.09665458834524854	mean
mock-18	Mock 8	mock-18|Mock 8	Mock 8	Mock 8	clustering_phylogeny_aware__vs__clustering_phylogeny_agnostic	Clustering | phylo-aware vs Clustering | phylo-agnostic	81	0.09601771433905118	0.0668335533031803	0.07074594262175528	0.015909109989545894	0.23326316197365624	0.02579419761318844	0.01702449344450631	0.09601771433905118	mean
mock-18	Mock 8	mock-18|Mock 8	Mock 8	Mock 8	clustering_phylogeny_aware__vs__clustering_phylogeny_aware	Clustering | phylo-aware within-group	36	0.05339376929316969	0.053393769293169704	0.0383768551302608	0.0	0.10678753858633941	-0.017797923097723226	-0.024904529929336998	0.05339376929316969	mean
mock-19	Mock 9	mock-19|Mock 9	Mock 9	Mock 9	denoising_phylogeny_agnostic__vs__denoising_phylogeny_agnostic	Denoising | phylo-agnostic within-group	15	0.13185789747930882	0.11455486777814422	0.07944335747916174	0.0	0.2718857683385508	-0.007463620335382515	0.0	0.13185789747930882	mean
mock-19	Mock 9	mock-19|Mock 9	Mock 9	Mock 9	denoising_phylogeny_aware__vs__denoising_phylogeny_agnostic	Denoising | phylo-aware vs Denoising | phylo-agnostic	36	0.10212396715551517	0.0941801697302543	0.07388763300193575	2.935588446741791e-08	0.2718857389826664	0.047975366798707314	0.041324588837646004	0.10212396715551517	mean
mock-19	Mock 9	mock-19|Mock 9	Mock 9	Mock 9	denoising_phylogeny_agnostic__vs__clustering_phylogeny_agnostic	Denoising | phylo-agnostic vs Clustering | phylo-agnostic	54	0.10060097802408599	0.0941801697302543	0.07840335126492869	0.0	0.2718857683385508	0.022814005165565775	0.0	0.10060097802408599	mean
mock-19	Mock 9	mock-19|Mock 9	Mock 9	Mock 9	denoising_phylogeny_agnostic__vs__clustering_phylogeny_aware	Denoising | phylo-agnostic vs Clustering | phylo-aware	54	0.1045510546777852	0.0941801697302543	0.07438910213113485	2.935588446741791e-08	0.2718857389826664	0.07313672843184885	0.0846603917516614	0.1045510546777852	mean
mock-19	Mock 9	mock-19|Mock 9	Mock 9	Mock 9	denoising_phylogeny_aware__vs__denoising_phylogeny_aware	Denoising | phylo-aware within-group	15	0.06477319306536931	0.0547486724606895	0.04006677505844566	0.0	0.13582835881144043	-0.01475974133728738	-0.0350060177667633	0.06477319306536931	mean
mock-19	Mock 9	mock-19|Mock 9	Mock 9	Mock 9	denoising_phylogeny_aware__vs__clustering_phylogeny_agnostic	Denoising | phylo-aware vs Clustering | phylo-agnostic	54	0.08107974475229777	0.0846324719827158	0.056713151735380905	2.935588446741791e-08	0.18836031010462412	-0.037732112412427875	-0.036842835345720054	0.08107974475229777	mean
mock-19	Mock 9	mock-19|Mock 9	Mock 9	Mock 9	denoising_phylogeny_aware__vs__clustering_phylogeny_aware	Denoising | phylo-aware vs Clustering | phylo-aware	54	0.048683976453526796	0.050411170522338566	0.03877030808657448	0.0	0.13582835881144043	0.0125906108538552	0.0	0.048683976453526796	mean
mock-19	Mock 9	mock-19|Mock 9	Mock 9	Mock 9	clustering_phylogeny_agnostic__vs__clustering_phylogeny_agnostic	Clustering | phylo-agnostic within-group	36	0.0941801697302543	0.0941801697302543	0.0679041809765498	0.0	0.1883603394605086	-0.017328716407509034	0.0	0.0941801697302543	mean
mock-19	Mock 9	mock-19|Mock 9	Mock 9	Mock 9	clustering_phylogeny_aware__vs__clustering_phylogeny_agnostic	Clustering | phylo-aware vs Clustering | phylo-agnostic	81	0.08173704951221943	0.0881852282587962	0.056028719364033065	2.935588446741791e-08	0.18836031010462412	0.016774241088761025	0.01578707018625801	0.08173704951221943	mean
mock-19	Mock 9	mock-19|Mock 9	Mock 9	Mock 9	clustering_phylogeny_aware__vs__clustering_phylogeny_aware	Clustering | phylo-aware within-group	36	0.04409259945145586	0.04409259945145587	0.032284901059953304	0.0	0.08818519890291172	-0.014697533150485288	-0.01750300888338165	0.04409259945145586	mean
mock-20	Mock 10	mock-20|Mock 10	Mock 10	Mock 10	denoising_phylogeny_agnostic__vs__denoising_phylogeny_agnostic	Denoising | phylo-agnostic within-group	15	0.19174782406569665	0.17102818508815898	0.1481442973923511	0.004795078221712712	0.4708018075944218	-0.09015532080350296	0.004795078221712712	0.19174782406569665	mean
mock-20	Mock 10	mock-20|Mock 10	Mock 10	Mock 10	denoising_phylogeny_aware__vs__denoising_phylogeny_agnostic	Denoising | phylo-aware vs Denoising | phylo-agnostic	36	0.2750629791155994	0.270886312923302	0.13533284615346217	0.020283874449943604	0.5358882977666621	0.10786965974970157	0.21092250561248987	0.2750629791155994	mean
mock-20	Mock 10	mock-20|Mock 10	Mock 10	Mock 10	denoising_phylogeny_agnostic__vs__clustering_phylogeny_agnostic	Denoising | phylo-agnostic vs Clustering | phylo-agnostic	54	0.15340592424029587	0.11509023602968985	0.12148954718677361	0.01304347826086949	0.4577583293335523	0.024039413203696354	0.04566394988493144	0.15340592424029587	mean
mock-20	Mock 10	mock-20|Mock 10	Mock 10	Mock 10	denoising_phylogeny_agnostic__vs__clustering_phylogeny_aware	Denoising | phylo-agnostic vs Clustering | phylo-aware	54	0.2806017061459772	0.27673280601847317	0.13604529850867436	0.02264652310581941	0.5357341806814427	0.26517266636660825	0.27673280601847317	0.2806017061459772	mean
mock-20	Mock 10	mock-20|Mock 10	Mock 10	Mock 10	denoising_phylogeny_aware__vs__denoising_phylogeny_aware	Denoising | phylo-aware within-group	15	0.08319540354067594	0.08181714559870289	0.05682819518033019	0.0017559397348337058	0.1829825164179857	-0.03538671294764059	-0.03403201160725211	0.08319540354067594	mean
mock-20	Mock 10	mock-20|Mock 10	Mock 10	Mock 10	denoising_phylogeny_aware__vs__clustering_phylogeny_agnostic	Denoising | phylo-aware vs Clustering | phylo-agnostic	54	0.24269487678183613	0.25581353906656273	0.11318528067813825	0.033327352710813093	0.4734589288783495	-0.23183459997097766	-0.25581353906656273	0.24269487678183613	mean
mock-20	Mock 10	mock-20|Mock 10	Mock 10	Mock 10	denoising_phylogeny_aware__vs__clustering_phylogeny_aware	Denoising | phylo-aware vs Clustering | phylo-aware	54	0.06443701434185536	0.05077896649266181	0.05346919344771323	0.0001541170852194032	0.1828283993327663	0.009298653191934203	0.003187885756480699	0.06443701434185536	mean
mock-20	Mock 10	mock-20|Mock 10	Mock 10	Mock 10	clustering_phylogeny_agnostic__vs__clustering_phylogeny_agnostic	Clustering | phylo-agnostic within-group	36	0.13555586960880942	0.1381861033023824	0.11200267400067618	0.0	0.3953289604452396	-0.0549148876723482	-0.00952642677755805	0.13555586960880942	mean
mock-20	Mock 10	mock-20|Mock 10	Mock 10	Mock 10	clustering_phylogeny_aware__vs__clustering_phylogeny_agnostic	Clustering | phylo-aware vs Clustering | phylo-agnostic	81	0.2494869125327327	0.2559795396523264	0.11123607606153105	0.0356900013666889	0.4733048117931301	0.05601638495566844	0.15631975124654351	0.2494869125327327	mean
mock-20	Mock 10	mock-20|Mock 10	Mock 10	Mock 10	clustering_phylogeny_aware__vs__clustering_phylogeny_aware	Clustering | phylo-aware within-group	36	0.06178291788337589	0.058567653350656855	0.04894946667616642	0.0	0.14649129278005618	-0.028399155092029886	-0.0209993694925016	0.06178291788337589	mean
mock-21	Mock 11	mock-21|Mock 11	Mock 11	Mock 11	denoising_phylogeny_agnostic__vs__denoising_phylogeny_agnostic	Denoising | phylo-agnostic within-group	15	0.143639089110379	0.13463185194645133	0.08513780686766034	0.030188703603841405	0.2888843557777545	-0.015401489437200785	0.030188703603841405	0.143639089110379	mean
mock-21	Mock 11	mock-21|Mock 11	Mock 11	Mock 11	denoising_phylogeny_aware__vs__denoising_phylogeny_agnostic	Denoising | phylo-aware vs Denoising | phylo-agnostic	36	0.3495825308901499	0.356169222262427	0.11865774534843883	0.12585193123633653	0.5415457191157554	0.16582044472402196	0.2568351716566675	0.3495825308901499	mean
mock-21	Mock 11	mock-21|Mock 11	Mock 11	Mock 11	denoising_phylogeny_agnostic__vs__clustering_phylogeny_agnostic	Denoising | phylo-agnostic vs Clustering | phylo-agnostic	54	0.12624517203126195	0.0954638313025915	0.09068561716885681	0.007603631198350058	0.38018870360384144	0.04693896488513806	0.048024291236524574	0.12624517203126195	mean
mock-21	Mock 11	mock-21|Mock 11	Mock 11	Mock 11	denoising_phylogeny_agnostic__vs__clustering_phylogeny_aware	Denoising | phylo-agnostic vs Clustering | phylo-aware	54	0.3657769289663105	0.376679955047578	0.11680772969051476	0.13654041630539204	0.5591082596163515	0.3657769289663105	0.376679955047578	0.3657769289663105	mean
mock-21	Mock 11	mock-21|Mock 11	Mock 11	Mock 11	denoising_phylogeny_aware__vs__denoising_phylogeny_aware	Denoising | phylo-aware within-group	15	0.0628516017860061	0.0694568952041672	0.040153451962388266	0.003963440333035972	0.12680943210166437	0.005398758309153956	0.004188950991038304	0.0628516017860061	mean
mock-21	Mock 11	mock-21|Mock 11	Mock 11	Mock 11	denoising_phylogeny_aware__vs__clustering_phylogeny_agnostic	Denoising | phylo-aware vs Clustering | phylo-agnostic	54	0.30264356600501185	0.3122868793343433	0.11358911756533978	0.034547583410249605	0.4721889948680542	-0.30264356600501185	-0.3122868793343433	0.30264356600501185	mean
mock-21	Mock 11	mock-21|Mock 11	Mock 11	Mock 11	denoising_phylogeny_aware__vs__clustering_phylogeny_aware	Denoising | phylo-aware vs Clustering | phylo-aware	54	0.053422129087641414	0.05179073675427186	0.041089749212859634	0.0003886337701179132	0.14437197260226037	0.016194398076160542	0.009026694631307328	0.053422129087641414	mean
mock-21	Mock 11	mock-21|Mock 11	Mock 11	Mock 11	clustering_phylogeny_agnostic__vs__clustering_phylogeny_agnostic	Clustering | phylo-agnostic within-group	36	0.1250159616082906	0.13604692140992658	0.08928177423202018	0.0	0.3108319793561402	-0.037877179692967826	-0.014570299712279133	0.1250159616082906	mean
mock-21	Mock 11	mock-21|Mock 11	Mock 11	Mock 11	clustering_phylogeny_aware__vs__clustering_phylogeny_agnostic	Clustering | phylo-aware vs Clustering | phylo-agnostic	81	0.3188379640811724	0.337579256425373	0.1118970583882573	0.045236068479305114	0.4897515353686502	0.08003169426365654	0.18856678693303214	0.3188379640811724	mean
mock-21	Mock 11	mock-21|Mock 11	Mock 11	Mock 11	clustering_phylogeny_aware__vs__clustering_phylogeny_aware	Clustering | phylo-aware within-group	36	0.05527658119287773	0.057199822559695634	0.037812024790736	0.003052807669656016	0.13368348753320486	-0.008212649339949914	-0.0067731767817412886	0.05527658119287773	mean
mock-22	Mock 12	mock-22|Mock 12	Mock 12	Mock 12	denoising_phylogeny_agnostic__vs__denoising_phylogeny_agnostic	Denoising | phylo-agnostic within-group	15	0.12126527448765959	0.1368501700298619	0.08047391752787969	0.008147985503488303	0.2638280786386615	0.003585001658169991	0.008147985503488303	0.12126527448765959	mean
mock-22	Mock 12	mock-22|Mock 12	Mock 12	Mock 12	denoising_phylogeny_aware__vs__denoising_phylogeny_agnostic	Denoising | phylo-aware vs Denoising | phylo-agnostic	36	0.18242207424802012	0.1638067743281844	0.09728044331146612	0.00856916039924921	0.33913506137244875	0.1085531531065613	0.1501191246795171	0.18242207424802012	mean
mock-22	Mock 12	mock-22|Mock 12	Mock 12	Mock 12	denoising_phylogeny_agnostic__vs__clustering_phylogeny_agnostic	Denoising | phylo-agnostic vs Clustering | phylo-agnostic	54	0.12053857021854052	0.09842114390901546	0.08075344443304738	0.022279614586448615	0.2935899834005663	0.06033541420547903	0.0526763738616476	0.12053857021854052	mean
mock-22	Mock 12	mock-22|Mock 12	Mock 12	Mock 12	denoising_phylogeny_agnostic__vs__clustering_phylogeny_aware	Denoising | phylo-agnostic vs Clustering | phylo-aware	54	0.19981405120404683	0.17656292619669833	0.09483558797790227	0.043562160728752006	0.33999693528395697	0.19981405120404683	0.17656292619669833	0.19981405120404683	mean
mock-22	Mock 12	mock-22|Mock 12	Mock 12	Mock 12	denoising_phylogeny_aware__vs__denoising_phylogeny_aware	Denoising | phylo-aware within-group	15	0.034916779497749365	0.030844365247233906	0.023807525754272002	0.008730806888401603	0.08387614313303651	0.021774325233633644	0.020470602721983505	0.034916779497749365	mean
mock-22	Mock 12	mock-22|Mock 12	Mock 12	Mock 12	denoising_phylogeny_aware__vs__clustering_phylogeny_agnostic	Denoising | phylo-aware vs Clustering | phylo-agnostic	54	0.12586960281604434	0.1159235391813914	0.09206098851626421	0.0029609168910667005	0.27246321959819175	-0.12161059557591612	-0.1159235391813914	0.12586960281604434	mean
mock-22	Mock 12	mock-22|Mock 12	Mock 12	Mock 12	denoising_phylogeny_aware__vs__clustering_phylogeny_aware	Denoising | phylo-aware vs Clustering | phylo-aware	54	0.026093217908589143	0.020655494519448297	0.023637895862387386	0.0005636617763044027	0.0847380170445447	0.017868041422651703	0.011720504410435303	0.026093217908589143	mean
mock-22	Mock 12	mock-22|Mock 12	Mock 12	Mock 12	clustering_phylogeny_agnostic__vs__clustering_phylogeny_agnostic	Clustering | phylo-agnostic within-group	36	0.11345907081315455	0.1134590708131545	0.08224144662838169	0.0	0.22691814162630922	-0.016128000743528374	0.0	0.11345907081315455	mean
mock-22	Mock 12	mock-22|Mock 12	Mock 12	Mock 12	clustering_phylogeny_aware__vs__clustering_phylogeny_agnostic	Clustering | phylo-aware vs Clustering | phylo-agnostic	81	0.13947863699856783	0.1313105615191565	0.09452925227510629	0.01380025596684721	0.2733250935096999	0.046492878999522626	0.0464069518833907	0.13947863699856783	mean
mock-22	Mock 12	mock-22|Mock 12	Mock 12	Mock 12	clustering_phylogeny_aware__vs__clustering_phylogeny_aware	Clustering | phylo-aware within-group	36	0.016303347958271746	0.016303347958271746	0.012117357411294558	0.0	0.03260669591654349	-0.005434449319423915	-0.005932197412702348	0.016303347958271746	mean
mock-23	Mock 13	mock-23|Mock 13	Mock 13	Mock 13	denoising_phylogeny_agnostic__vs__denoising_phylogeny_agnostic	Denoising | phylo-agnostic within-group	15	0.14162052672412545	0.15251989389920428	0.09554986343732055	0.0036295097431694456	0.32451571571413695	0.020348322846537877	0.020027983013034933	0.14162052672412545	mean
mock-23	Mock 13	mock-23|Mock 13	Mock 13	Mock 13	denoising_phylogeny_aware__vs__denoising_phylogeny_agnostic	Denoising | phylo-aware vs Denoising | phylo-agnostic	36	0.24126442365341255	0.2489419500444417	0.1226017141661814	0.00045267262334991454	0.44615445112354	0.1415223460941885	0.23300727609895694	0.24126442365341255	mean
mock-23	Mock 13	mock-23|Mock 13	Mock 13	Mock 13	denoising_phylogeny_agnostic__vs__clustering_phylogeny_agnostic	Denoising | phylo-agnostic vs Clustering | phylo-agnostic	54	0.15146135337444278	0.14518573464936183	0.11067549080762003	0.011017119995839597	0.38045977165819295	0.05832859132341315	0.03304851974522818	0.15146135337444278	mean
mock-23	Mock 13	mock-23|Mock 13	Mock 13	Mock 13	denoising_phylogeny_agnostic__vs__clustering_phylogeny_aware	Denoising | phylo-agnostic vs Clustering | phylo-aware	54	0.2518293425015485	0.25473266641924985	0.12171569534094305	0.00031933610599968465	0.44713862407042293	0.2518293425015485	0.25473266641924985	0.2518293425015485	mean
mock-23	Mock 13	mock-23|Mock 13	Mock 13	Mock 13	denoising_phylogeny_aware__vs__denoising_phylogeny_aware	Denoising | phylo-aware within-group	15	0.0818604210760721	0.0830629097693577	0.05890784338222226	0.0086086356905309	0.175061047147412	0.04557930390727297	0.0390284982633953	0.0818604210760721	mean
mock-23	Mock 13	mock-23|Mock 13	Mock 13	Mock 13	denoising_phylogeny_aware__vs__clustering_phylogeny_agnostic	Denoising | phylo-aware vs Clustering | phylo-agnostic	54	0.19787989896775351	0.2137406423266962	0.13167736843675665	0.0266661812019518	0.41120306892493497	-0.17994277764325725	-0.2137406423266962	0.19787989896775351	mean
mock-23	Mock 13	mock-23|Mock 13	Mock 13	Mock 13	denoising_phylogeny_aware__vs__clustering_phylogeny_aware	Denoising | phylo-aware vs Clustering | phylo-aware	54	0.06321433667303714	0.04687715952714339	0.05493968075690359	0.00017637560457839374	0.1760452200942949	0.013557973534878113	0.00818006299092805	0.06321433667303714	mean
mock-23	Mock 13	mock-23|Mock 13	Mock 13	Mock 13	clustering_phylogeny_agnostic__vs__clustering_phylogeny_agnostic	Clustering | phylo-agnostic within-group	36	0.17200609057851496	0.16950744148304064	0.12268592814024673	0.0	0.3455083894595879	-0.02868447904068689	5.02771414883918e-05	0.17200609057851496	mean
mock-23	Mock 13	mock-23|Mock 13	Mock 13	Mock 13	clustering_phylogeny_aware__vs__clustering_phylogeny_agnostic	Clustering | phylo-aware vs Clustering | phylo-agnostic	81	0.2049034069812351	0.2200248376247462	0.13403453543859553	0.03899532018388539	0.4121872418718179	0.06448054210319033	0.0662293613485075	0.2049034069812351	mean
mock-23	Mock 13	mock-23|Mock 13	Mock 13	Mock 13	clustering_phylogeny_aware__vs__clustering_phylogeny_aware	Clustering | phylo-aware within-group	36	0.06031537837347868	0.05792938628573555	0.04849533218757023	0.0	0.1223035722502863	0.014253834325935136	-4.0857573141143966e-05	0.06031537837347868	mean
mock-4	Even1	mock-4|Even1	Mock 1	Mock 1|Even1	denoising_phylogeny_agnostic__vs__denoising_phylogeny_agnostic	Denoising | phylo-agnostic within-group	15	0.2229460671593588	0.18806959540118784	0.1347417359021824	0.04013406376592821	0.47378795462499274	-0.07301603382924148	-0.09423420524115278	0.2229460671593588	mean
mock-4	Even1	mock-4|Even1	Mock 1	Mock 1|Even1	denoising_phylogeny_aware__vs__denoising_phylogeny_agnostic	Denoising | phylo-aware vs Denoising | phylo-agnostic	36	0.41360318940017293	0.427637158866012	0.1937596408335886	0.047719615886539	0.7764388572972718	0.20478759140147387	0.36012865520441073	0.41360318940017293	mean
mock-4	Even1	mock-4|Even1	Mock 1	Mock 1|Even1	denoising_phylogeny_agnostic__vs__clustering_phylogeny_agnostic	Denoising | phylo-agnostic vs Clustering | phylo-agnostic	54	0.21317183609666893	0.15824416234373534	0.1696132633593622	0.005826318807757858	0.666882583781003	0.05788044310909478	0.04697352011006234	0.21317183609666893	mean
mock-4	Even1	mock-4|Even1	Mock 1	Mock 1|Even1	denoising_phylogeny_agnostic__vs__clustering_phylogeny_aware	Denoising | phylo-agnostic vs Clustering | phylo-aware	54	0.42979094498995707	0.43716019430811975	0.18640607210909538	0.08708886647459699	0.7654748424389047	0.42979094498995707	0.43716019430811975	0.42979094498995707	mean
mock-4	Even1	mock-4|Even1	Mock 1	Mock 1|Even1	denoising_phylogeny_aware__vs__denoising_phylogeny_aware	Denoising | phylo-aware within-group	15	0.11928918732148591	0.1138856765269669	0.08485296650209824	0.008960615228673974	0.25493128678574006	-0.0502443506112697	-0.02071640400967731	0.11928918732148591	mean
mock-4	Even1	mock-4|Even1	Mock 1	Mock 1|Even1	denoising_phylogeny_aware__vs__clustering_phylogeny_agnostic	Denoising | phylo-aware vs Clustering | phylo-agnostic	54	0.37327074566883867	0.3737986023692047	0.1980410350189191	0.028240592587173097	0.7304784747235857	-0.35572274629107814	-0.3737986023692047	0.37327074566883867	mean
mock-4	Even1	mock-4|Even1	Mock 1	Mock 1|Even1	denoising_phylogeny_aware__vs__clustering_phylogeny_aware	Denoising | phylo-aware vs Clustering | phylo-aware	54	0.09565667344401874	0.060659461410425025	0.07931220592787161	0.0003557252680579104	0.243967271927373	0.016187755589784084	0.025423913738813655	0.09565667344401874	mean
mock-4	Even1	mock-4|Even1	Mock 1	Mock 1|Even1	clustering_phylogeny_agnostic__vs__clustering_phylogeny_agnostic	Clustering | phylo-agnostic within-group	36	0.24936367663877487	0.23414986615193445	0.18582415041527978	0.000320151546013725	0.6209222012073169	-0.0913842231693664	-0.00650771774522968	0.24936367663877487	mean
mock-4	Even1	mock-4|Even1	Mock 1	Mock 1|Even1	clustering_phylogeny_aware__vs__clustering_phylogeny_agnostic	Clustering | phylo-aware vs Clustering | phylo-agnostic	81	0.3860085526676431	0.3846258636708918	0.19667872871669162	0.05640080074830639	0.7195144598652187	0.10409185429770886	0.12974169417980366	0.3860085526676431	mean
mock-4	Even1	mock-4|Even1	Mock 1	Mock 1|Even1	clustering_phylogeny_aware__vs__clustering_phylogeny_aware	Clustering | phylo-aware within-group	36	0.09083110543067281	0.09113306364543944	0.078550941975062	3.828568322511439e-06	0.20459802133931498	-0.03667777524041631	-0.021279051497673243	0.09083110543067281	mean
mock-4	Even2	mock-4|Even2	Mock 1	Mock 1|Even2	denoising_phylogeny_agnostic__vs__denoising_phylogeny_agnostic	Denoising | phylo-agnostic within-group	15	0.259566675337626	0.20135834798019675	0.17448881476948266	0.0426374148779638	0.5917384444750127	-0.11165441523826394	-0.09122459919464865	0.259566675337626	mean
mock-4	Even2	mock-4|Even2	Mock 1	Mock 1|Even2	denoising_phylogeny_aware__vs__denoising_phylogeny_agnostic	Denoising | phylo-aware vs Denoising | phylo-agnostic	36	0.3597672616720786	0.3922357214223834	0.18482300465829027	0.01056661964097641	0.6321024194633442	0.1637125465492659	0.30674046826829965	0.3597672616720786	mean
mock-4	Even2	mock-4|Even2	Mock 1	Mock 1|Even2	denoising_phylogeny_agnostic__vs__clustering_phylogeny_agnostic	Denoising | phylo-agnostic vs Clustering | phylo-agnostic	54	0.22050807539669137	0.15983724688658224	0.17390985996128977	0.006533809386301881	0.6319683295324839	0.03356187490245598	0.04470055466086849	0.22050807539669137	mean
mock-4	Even2	mock-4|Even2	Mock 1	Mock 1|Even2	denoising_phylogeny_agnostic__vs__clustering_phylogeny_aware	Denoising | phylo-agnostic vs Clustering | phylo-aware	54	0.3693732835581085	0.42495003615065025	0.19334828973501136	0.0018536546116036945	0.6194932047318515	0.3645137149505932	0.42495003615065025	0.3693732835581085	mean
mock-4	Even2	mock-4|Even2	Mock 1	Mock 1|Even2	denoising_phylogeny_aware__vs__denoising_phylogeny_aware	Denoising | phylo-aware within-group	15	0.049966769966716784	0.05093059462930791	0.03161716195962609	0.009802805023633482	0.11608628138744959	-0.010450317924830624	-0.009802805023633482	0.049966769966716784	mean
mock-4	Even2	mock-4|Even2	Mock 1	Mock 1|Even2	denoising_phylogeny_aware__vs__clustering_phylogeny_agnostic	Denoising | phylo-aware vs Clustering | phylo-agnostic	54	0.32982726114813204	0.3624205227466707	0.17177795337423432	0.00013408993086019838	0.5829311951990785	-0.31472107376211134	-0.3624205227466707	0.32982726114813204	mean
mock-4	Even2	mock-4|Even2	Mock 1	Mock 1|Even2	denoising_phylogeny_aware__vs__clustering_phylogeny_aware	Denoising | phylo-aware vs Clustering | phylo-aware	54	0.03704687988402965	0.031106174413253557	0.026020795754815133	0.00031754814658119246	0.10347706665595699	0.016230766286025884	0.021169545004041612	0.03704687988402965	mean
mock-4	Even2	mock-4|Even2	Mock 1	Mock 1|Even2	clustering_phylogeny_agnostic__vs__clustering_phylogeny_agnostic	Clustering | phylo-agnostic within-group	36	0.23446181204256333	0.21471326791194223	0.17235954964719177	0.00040058604008597065	0.5827971052682183	-0.08396724453034622	-0.005777026617344694	0.23446181204256333	mean
mock-4	Even2	mock-4|Even2	Mock 1	Mock 1|Even2	clustering_phylogeny_aware__vs__clustering_phylogeny_agnostic	Clustering | phylo-aware vs Clustering | phylo-agnostic	81	0.3424462241879722	0.38067447506598406	0.1739152749978232	0.012475124800632398	0.5703219804675859	0.09247257253014081	0.150182531504668	0.3424462241879722	mean
mock-4	Even2	mock-4|Even2	Mock 1	Mock 1|Even2	clustering_phylogeny_aware__vs__clustering_phylogeny_aware	Clustering | phylo-aware within-group	36	0.022077894432978928	0.023338810813889208	0.017204995896524206	4.826969450894003e-06	0.060725102592495	-0.012046208059376456	-0.007808689434129004	0.022077894432978928	mean
mock-4	Staggered1	mock-4|Staggered1	Mock 1	Mock 1|Staggered1	denoising_phylogeny_agnostic__vs__denoising_phylogeny_agnostic	Denoising | phylo-agnostic within-group	15	0.16950820324041763	0.15711052972510042	0.0978586196325835	0.030976845085166627	0.34676078389664217	-0.017457119039389894	0.030976845085166627	0.16950820324041763	mean
mock-4	Staggered1	mock-4|Staggered1	Mock 1	Mock 1|Staggered1	denoising_phylogeny_aware__vs__denoising_phylogeny_agnostic	Denoising | phylo-aware vs Denoising | phylo-agnostic	36	0.34584330413894115	0.3633794376585062	0.14748535774969687	0.0445396759848003	0.597105586758792	0.19003431471478205	0.27960564995162396	0.34584330413894115	mean
mock-4	Staggered1	mock-4|Staggered1	Mock 1	Mock 1|Staggered1	denoising_phylogeny_agnostic__vs__clustering_phylogeny_agnostic	Denoising | phylo-agnostic vs Clustering | phylo-agnostic	54	0.19954214593210762	0.15318830871357536	0.15948657233982869	0.004665815321872269	0.6435087513763169	0.07397573280793378	0.03641921577892482	0.19954214593210762	mean
mock-4	Staggered1	mock-4|Staggered1	Mock 1	Mock 1|Staggered1	denoising_phylogeny_agnostic__vs__clustering_phylogeny_aware	Denoising | phylo-agnostic vs Clustering | phylo-aware	54	0.368980063997653	0.38877176686387466	0.1456176228637805	0.0909863201616104	0.6310336265756845	0.368980063997653	0.38877176686387466	0.368980063997653	mean
mock-4	Staggered1	mock-4|Staggered1	Mock 1	Mock 1|Staggered1	denoising_phylogeny_aware__vs__denoising_phylogeny_aware	Denoising | phylo-aware within-group	15	0.09983896268084551	0.10065184724427079	0.057778210571118906	0.01731180589855011	0.20580512687734948	-0.032122106039836014	-0.05840210561006298	0.09983896268084551	mean
mock-4	Staggered1	mock-4|Staggered1	Mock 1	Mock 1|Staggered1	denoising_phylogeny_aware__vs__clustering_phylogeny_agnostic	Denoising | phylo-aware vs Clustering | phylo-agnostic	54	0.306038967297075	0.35142475388835737	0.1728298129908446	0.002515341420015804	0.5841594941056054	-0.27186757133100736	-0.35142475388835737	0.306038967297075	mean
mock-4	Staggered1	mock-4|Staggered1	Mock 1	Mock 1|Staggered1	denoising_phylogeny_aware__vs__clustering_phylogeny_aware	Denoising | phylo-aware vs Clustering | phylo-aware	54	0.08481962162659767	0.060252297164432284	0.06310128026611497	5.634459525322155e-05	0.23973316669424208	0.02313675985871191	0.021169545004041612	0.08481962162659767	mean
mock-4	Staggered1	mock-4|Staggered1	Mock 1	Mock 1|Staggered1	clustering_phylogeny_agnostic__vs__clustering_phylogeny_agnostic	Clustering | phylo-agnostic within-group	36	0.25414837560706566	0.23164907300342835	0.1857335191549571	0.001553110743771846	0.6305626587231304	-0.0917970010447035	-0.028556118920052553	0.25414837560706566	mean
mock-4	Staggered1	mock-4|Staggered1	Mock 1	Mock 1|Staggered1	clustering_phylogeny_aware__vs__clustering_phylogeny_agnostic	Clustering | phylo-aware vs Clustering | phylo-agnostic	81	0.3206712956724454	0.36247001557173664	0.18258704393091796	0.0025716860152690257	0.618087533922498	0.08015042210106242	0.09632180644621902	0.3206712956724454	mean
mock-4	Staggered1	mock-4|Staggered1	Mock 1	Mock 1|Staggered1	clustering_phylogeny_aware__vs__clustering_phylogeny_aware	Clustering | phylo-aware within-group	36	0.0884127810428794	0.0964777900676148	0.061634420817105635	3.0168817888087673e-05	0.19328652251743197	-0.03442761261178452	-0.045829092460411905	0.0884127810428794	mean
mock-4	Staggered2	mock-4|Staggered2	Mock 1	Mock 1|Staggered2	denoising_phylogeny_agnostic__vs__denoising_phylogeny_agnostic	Denoising | phylo-agnostic within-group	15	0.16124053458549928	0.14261649006861266	0.09219160456820723	0.032798068046978046	0.34357127551122185	-0.004578218355615223	0.032798068046978046	0.16124053458549928	mean
mock-4	Staggered2	mock-4|Staggered2	Mock 1	Mock 1|Staggered2	denoising_phylogeny_aware__vs__denoising_phylogeny_agnostic	Denoising | phylo-aware vs Denoising | phylo-agnostic	36	0.3514877331025528	0.36134364331523555	0.141740460997564	0.048089797238142384	0.5995369098868657	0.19564512011733867	0.29863322411460524	0.3514877331025528	mean
mock-4	Staggered2	mock-4|Staggered2	Mock 1	Mock 1|Staggered2	denoising_phylogeny_agnostic__vs__clustering_phylogeny_agnostic	Denoising | phylo-agnostic vs Clustering | phylo-agnostic	54	0.1959977071104284	0.16028844595639283	0.15880974749754181	0.004707727183220767	0.6403192429908966	0.07993591640513024	0.03836910484949474	0.1959977071104284	mean
mock-4	Staggered2	mock-4|Staggered2	Mock 1	Mock 1|Staggered2	denoising_phylogeny_agnostic__vs__clustering_phylogeny_aware	Denoising | phylo-agnostic vs Clustering | phylo-aware	54	0.3742673707760595	0.3918162982234471	0.13895952430895064	0.09644562489439379	0.6278441181902642	0.3742673707760595	0.3918162982234471	0.3742673707760595	mean
mock-4	Staggered2	mock-4|Staggered2	Mock 1	Mock 1|Staggered2	denoising_phylogeny_aware__vs__denoising_phylogeny_aware	Denoising | phylo-aware within-group	15	0.09951573561208504	0.09922110270183349	0.05709896057068621	0.02293263741204421	0.2078758371375015	-0.03212406224767805	-0.0556238596070035	0.09951573561208504	mean
mock-4	Staggered2	mock-4|Staggered2	Mock 1	Mock 1|Staggered2	denoising_phylogeny_aware__vs__clustering_phylogeny_agnostic	Denoising | phylo-aware vs Clustering | phylo-agnostic	54	0.3044592071158948	0.34870706887914193	0.17213020877147062	0.000301505649054401	0.5850620029083567	-0.27155181669742257	-0.34870706887914193	0.3044592071158948	mean
mock-4	Staggered2	mock-4|Staggered2	Mock 1	Mock 1|Staggered2	denoising_phylogeny_aware__vs__clustering_phylogeny_aware	Denoising | phylo-aware vs Clustering | phylo-aware	54	0.0832257935357073	0.0588853019057055	0.06222991333856171	8.369362264892821e-07	0.2361830454409	0.022779637673506676	0.021169545004041612	0.0832257935357073	mean
mock-4	Staggered2	mock-4|Staggered2	Mock 1	Mock 1|Staggered2	clustering_phylogeny_agnostic__vs__clustering_phylogeny_agnostic	Clustering | phylo-agnostic within-group	36	0.2517001441651984	0.22819260412768932	0.18308483045516122	0.0017266192385918533	0.6258443360123876	-0.09074387154909937	-0.029017712377332194	0.2517001441651984	mean
mock-4	Staggered2	mock-4|Staggered2	Mock 1	Mock 1|Staggered2	clustering_phylogeny_aware__vs__clustering_phylogeny_agnostic	Clustering | phylo-aware vs Clustering | phylo-agnostic	81	0.31887733452583467	0.35986464387637995	0.18113063469505755	6.113619190850628e-05	0.6133692112117552	0.07988826690578633	0.10044392636270422	0.31887733452583467	mean
mock-4	Staggered2	mock-4|Staggered2	Mock 1	Mock 1|Staggered2	clustering_phylogeny_aware__vs__clustering_phylogeny_aware	Clustering | phylo-aware within-group	36	0.08567606573730224	0.09371620927506295	0.05992702503987335	3.13204573332837e-05	0.1878272177846486	-0.03353169580131851	-0.043769657651315005	0.08567606573730224	mean
mock-5	Even1	mock-5|Even1	Mock 2	Mock 2|Even1	denoising_phylogeny_agnostic__vs__denoising_phylogeny_agnostic	Denoising | phylo-agnostic within-group	15	0.2925914430739193	0.25383920505871715	0.1950063983734599	0.03259872379313644	0.6599313892113514	-0.007275641933080953	0.08074133042783693	0.2925914430739193	mean
mock-5	Even1	mock-5|Even1	Mock 2	Mock 2|Even1	denoising_phylogeny_aware__vs__denoising_phylogeny_agnostic	Denoising | phylo-aware vs Denoising | phylo-agnostic	36	0.4078986030205998	0.43934572339429756	0.21777756033316914	0.010550559243250102	0.8307651598279859	0.23003635791300103	0.3986325848431426	0.4078986030205998	mean
mock-5	Even1	mock-5|Even1	Mock 2	Mock 2|Even1	denoising_phylogeny_agnostic__vs__clustering_phylogeny_agnostic	Denoising | phylo-agnostic vs Clustering | phylo-agnostic	54	0.2694702718626505	0.20304609207631713	0.22171991185577	0.00707965573550573	0.67844990772987	0.08623450121092935	0.05316975234093063	0.2694702718626505	mean
mock-5	Even1	mock-5|Even1	Mock 2	Mock 2|Even1	denoising_phylogeny_agnostic__vs__clustering_phylogeny_aware	Denoising | phylo-agnostic vs Clustering | phylo-aware	54	0.39468663001243437	0.4623478921070612	0.21136934794544074	0.009930068778765205	0.6500013204325863	0.3859481796722599	0.4623478921070612	0.39468663001243437	mean
mock-5	Even1	mock-5|Even1	Mock 2	Mock 2|Even1	denoising_phylogeny_aware__vs__denoising_phylogeny_aware	Denoising | phylo-aware within-group	15	0.11374172379019323	0.0852708946919013	0.09275069438852075	0.003569319743295718	0.2798640420843629	-0.04931690965531293	-0.013208817532576994	0.11374172379019323	mean
mock-5	Even1	mock-5|Even1	Mock 2	Mock 2|Even1	denoising_phylogeny_aware__vs__clustering_phylogeny_agnostic	Denoising | phylo-aware vs Clustering | phylo-agnostic	54	0.3483207790407698	0.38940055643393773	0.21072315139016512	0.029069077761768702	0.7429441736646433	-0.3052954904221927	-0.38940055643393773	0.3483207790407698	mean
mock-5	Even1	mock-5|Even1	Mock 2	Mock 2|Even1	denoising_phylogeny_aware__vs__clustering_phylogeny_aware	Denoising | phylo-aware vs Clustering | phylo-aware	54	0.06777475975798551	0.047985025299401185	0.06684652290079916	0.0001464721952212089	0.21622844872686292	-0.0055818119608620305	0.00699512788856145	0.06777475975798551	mean
mock-5	Even1	mock-5|Even1	Mock 2	Mock 2|Even1	clustering_phylogeny_agnostic__vs__clustering_phylogeny_agnostic	Clustering | phylo-agnostic within-group	36	0.29531380618744313	0.2953144607832637	0.2366938069327979	0.0	0.5906289215665274	-0.0737929424000841	-1.6714407205409287e-05	0.29531380618744313	mean
mock-5	Even1	mock-5|Even1	Mock 2	Mock 2|Even1	clustering_phylogeny_aware__vs__clustering_phylogeny_agnostic	Clustering | phylo-aware vs Clustering | phylo-agnostic	81	0.32953625815402515	0.40106193393221	0.2120596592127181	0.028448587297283806	0.5621803342692435	0.09995559933999591	0.041850738762366696	0.32953625815402515	mean
mock-5	Even1	mock-5|Even1	Mock 2	Mock 2|Even1	clustering_phylogeny_aware__vs__clustering_phylogeny_aware	Clustering | phylo-aware within-group	36	0.017678522407834185	0.017709519303634444	0.013005361146733604	0.0	0.0354646093314632	-0.005758137374684798	-0.006360161839236794	0.017678522407834185	mean
mock-5	Even2	mock-5|Even2	Mock 2	Mock 2|Even2	denoising_phylogeny_agnostic__vs__denoising_phylogeny_agnostic	Denoising | phylo-agnostic within-group	15	0.3168372381446863	0.29464073737868773	0.2091375240280495	0.02815101492720662	0.6626647694810022	-0.044737472338151237	0.08381392363368734	0.3168372381446863	mean
mock-5	Even2	mock-5|Even2	Mock 2	Mock 2|Even2	denoising_phylogeny_aware__vs__denoising_phylogeny_agnostic	Denoising | phylo-aware vs Denoising | phylo-agnostic	36	0.35879264314596193	0.4316567110972629	0.22405617710912748	0.00024024668624070267	0.6624245227947615	0.2115139207297903	0.26132360138427724	0.35879264314596193	mean
mock-5	Even2	mock-5|Even2	Mock 2	Mock 2|Even2	denoising_phylogeny_agnostic__vs__clustering_phylogeny_agnostic	Denoising | phylo-agnostic vs Clustering | phylo-agnostic	54	0.2765146816104865	0.1981653049068386	0.22538040991538588	0.007521650834130034	0.6811832879995208	0.06858976078154273	0.054927046493167986	0.2765146816104865	mean
mock-5	Even2	mock-5|Even2	Mock 2	Mock 2|Even2	denoising_phylogeny_agnostic__vs__clustering_phylogeny_aware	Denoising | phylo-agnostic vs Clustering | phylo-aware	54	0.37588625813722726	0.462865393122211	0.23102756027232108	0.009930068778765205	0.652734700702237	0.36686733414032796	0.462865393122211	0.37588625813722726	mean
mock-5	Even2	mock-5|Even2	Mock 2	Mock 2|Even2	denoising_phylogeny_aware__vs__denoising_phylogeny_aware	Denoising | phylo-aware within-group	15	0.06214472882491379	0.06474475049696041	0.04110410963534629	0.006944634417655915	0.11989087931130932	0.009148904178893406	-0.010310312557009399	0.06214472882491379	mean
mock-5	Even2	mock-5|Even2	Mock 2	Mock 2|Even2	denoising_phylogeny_aware__vs__clustering_phylogeny_agnostic	Denoising | phylo-aware vs Clustering | phylo-agnostic	54	0.32011429286929677	0.38715568801551214	0.1938939839463266	0.018758765204759303	0.5710889483269441	-0.2726371508718873	-0.38715568801551214	0.32011429286929677	mean
mock-5	Even2	mock-5|Even2	Mock 2	Mock 2|Even2	denoising_phylogeny_aware__vs__clustering_phylogeny_aware	Denoising | phylo-aware vs Clustering | phylo-aware	54	0.04283915392861011	0.03142274617722865	0.036891194429291056	0.0001464721952212089	0.11020105721878481	0.02564042248689793	0.006924702846080696	0.04283915392861011	mean
mock-5	Even2	mock-5|Even2	Mock 2	Mock 2|Even2	clustering_phylogeny_agnostic__vs__clustering_phylogeny_agnostic	Clustering | phylo-agnostic within-group	36	0.294923623385502	0.2949238567658517	0.23624843458305506	0.0	0.5898477135317034	-0.07362108258971205	-5.945493679604397e-06	0.294923623385502	mean
mock-5	Even2	mock-5|Even2	Mock 2	Mock 2|Even2	clustering_phylogeny_aware__vs__clustering_phylogeny_agnostic	Clustering | phylo-aware vs Clustering | phylo-agnostic	81	0.32866110036492946	0.4001691649856315	0.21100473649383186	0.028448587297283806	0.5613991262344196	0.09947947827284782	0.041752482389891404	0.32866110036492946	mean
mock-5	Even2	mock-5|Even2	Mock 2	Mock 2|Even2	clustering_phylogeny_aware__vs__clustering_phylogeny_aware	Clustering | phylo-aware within-group	36	0.018992378826278595	0.019022145687338093	0.014189852868355467	0.0	0.03809387107636408	-0.00619421660808238	-0.00630798129531944	0.018992378826278595	mean
mock-5	Staggered1	mock-5|Staggered1	Mock 2	Mock 2|Staggered1	denoising_phylogeny_agnostic__vs__denoising_phylogeny_agnostic	Denoising | phylo-agnostic within-group	15	0.27825120789462654	0.20208301844002452	0.2061974337411595	0.05655360157966305	0.6678274979205203	0.011952446560406834	0.05655360157966305	0.27825120789462654	mean
mock-5	Staggered1	mock-5|Staggered1	Mock 2	Mock 2|Staggered1	denoising_phylogeny_aware__vs__denoising_phylogeny_agnostic	Denoising | phylo-aware vs Denoising | phylo-agnostic	36	0.35204850050656294	0.35760582213471964	0.16832631907730042	0.018961464594789312	0.648866033325731	0.2121771149188661	0.29436445495050906	0.35204850050656294	mean
mock-5	Staggered1	mock-5|Staggered1	Mock 2	Mock 2|Staggered1	denoising_phylogeny_agnostic__vs__clustering_phylogeny_agnostic	Denoising | phylo-agnostic vs Clustering | phylo-agnostic	54	0.2733695962674385	0.17714325944198606	0.23785161131489416	0.0025494062835593745	0.6912388691579785	0.09197606691499874	0.041257189550340315	0.2733695962674385	mean
mock-5	Staggered1	mock-5|Staggered1	Mock 2	Mock 2|Staggered1	denoising_phylogeny_agnostic__vs__clustering_phylogeny_aware	Denoising | phylo-agnostic vs Clustering | phylo-aware	54	0.37546181673312345	0.3998121987878033	0.17550922331642638	0.018326887480055093	0.6495006104404651	0.3425846643568494	0.3998121987878033	0.37546181673312345	mean
mock-5	Staggered1	mock-5|Staggered1	Mock 2	Mock 2|Staggered1	denoising_phylogeny_aware__vs__denoising_phylogeny_aware	Denoising | phylo-aware within-group	15	0.12115628666301044	0.10479314749763913	0.07242197181493797	0.01130599835617474	0.2584534360422942	-0.012026782279134311	-0.039070176033101284	0.12115628666301044	mean
mock-5	Staggered1	mock-5|Staggered1	Mock 2	Mock 2|Staggered1	denoising_phylogeny_aware__vs__clustering_phylogeny_agnostic	Denoising | phylo-aware vs Clustering | phylo-agnostic	54	0.3202638249060906	0.31606770856691047	0.15967820697924542	0.04237283583224752	0.5897630254625086	-0.21548862310200984	-0.30674959906534666	0.3202638249060906	mean
mock-5	Staggered1	mock-5|Staggered1	Mock 2	Mock 2|Staggered1	denoising_phylogeny_aware__vs__clustering_phylogeny_aware	Denoising | phylo-aware vs Clustering | phylo-aware	54	0.09477949195807076	0.09010964795907304	0.07453163724790325	0.00013315956878862112	0.25908801315702845	0.03511997433984083	0.014733310899578966	0.09477949195807076	mean
mock-5	Staggered1	mock-5|Staggered1	Mock 2	Mock 2|Staggered1	clustering_phylogeny_agnostic__vs__clustering_phylogeny_agnostic	Clustering | phylo-agnostic within-group	36	0.31606783949908507	0.31606793064737804	0.2572855383513955	0.0	0.6321358612947561	-0.08096961465676483	0.0	0.31606783949908507	mean
mock-5	Staggered1	mock-5|Staggered1	Mock 2	Mock 2|Staggered1	clustering_phylogeny_aware__vs__clustering_phylogeny_agnostic	Clustering | phylo-aware vs Clustering | phylo-agnostic	81	0.3319704830193709	0.3761767031670862	0.17615894461797796	0.0417382587175133	0.5903976025772427	0.08357487670615237	0.1096613189716863	0.3319704830193709	mean
mock-5	Staggered1	mock-5|Staggered1	Mock 2	Mock 2|Staggered1	clustering_phylogeny_aware__vs__clustering_phylogeny_aware	Clustering | phylo-aware within-group	36	0.0863636375213194	0.08641822219482216	0.06329285455569718	0.0	0.1728366463117764	-0.028691374961108178	-0.03370106971395716	0.0863636375213194	mean
mock-5	Staggered2	mock-5|Staggered2	Mock 2	Mock 2|Staggered2	denoising_phylogeny_agnostic__vs__denoising_phylogeny_agnostic	Denoising | phylo-agnostic within-group	15	0.2725296997384436	0.20528473602227593	0.20840708857493895	0.05868551765725005	0.6664844140288793	0.021686551588183025	0.05868551765725005	0.2725296997384436	mean
mock-5	Staggered2	mock-5|Staggered2	Mock 2	Mock 2|Staggered2	denoising_phylogeny_aware__vs__denoising_phylogeny_agnostic	Denoising | phylo-aware vs Denoising | phylo-agnostic	36	0.3539207146947289	0.3632149622644125	0.16355160691597423	0.018961464594789312	0.64752294943409	0.21632043732670067	0.31193772871507974	0.3539207146947289	mean
mock-5	Staggered2	mock-5|Staggered2	Mock 2	Mock 2|Staggered2	denoising_phylogeny_agnostic__vs__clustering_phylogeny_agnostic	Denoising | phylo-agnostic vs Clustering | phylo-agnostic	54	0.2710076554058526	0.1794327120703022	0.23842835793617825	0.0026820206731434926	0.6898957852663374	0.09682291902405257	0.042389454783925876	0.2710076554058526	mean
mock-5	Staggered2	mock-5|Staggered2	Mock 2	Mock 2|Staggered2	denoising_phylogeny_agnostic__vs__clustering_phylogeny_aware	Denoising | phylo-agnostic vs Clustering | phylo-aware	54	0.37851165643207096	0.3979883265293404	0.17268005513418977	0.018326887480055093	0.6481575265488241	0.3461202970430144	0.3979883265293404	0.37851165643207096	mean
mock-5	Staggered2	mock-5|Staggered2	Mock 2	Mock 2|Staggered2	denoising_phylogeny_aware__vs__denoising_phylogeny_aware	Denoising | phylo-aware within-group	15	0.11839481487837393	0.10394331323583361	0.07103204065013251	0.010021577051477881	0.2570317243524336	-0.008173745053976082	-0.02833730850719479	0.11839481487837393	mean
mock-5	Staggered2	mock-5|Staggered2	Mock 2	Mock 2|Staggered2	denoising_phylogeny_aware__vs__clustering_phylogeny_agnostic	Denoising | phylo-aware vs Clustering | phylo-agnostic	54	0.31739220675337604	0.31426378545469	0.15706142243331472	0.04237283583224752	0.5861554111036964	-0.21241096541294874	-0.3039702595265408	0.31739220675337604	mean
mock-5	Staggered2	mock-5|Staggered2	Mock 2	Mock 2|Staggered2	denoising_phylogeny_aware__vs__clustering_phylogeny_aware	Denoising | phylo-aware vs Clustering | phylo-aware	54	0.09334233443031356	0.09092197030998128	0.07383666283617067	0.00013315956878862112	0.25766630146716785	0.036886412606013115	0.019219550563780566	0.09334233443031356	mean
mock-5	Staggered2	mock-5|Staggered2	Mock 2	Mock 2|Staggered2	clustering_phylogeny_agnostic__vs__clustering_phylogeny_agnostic	Clustering | phylo-agnostic within-group	36	0.3142640971237769	0.31426412346797195	0.25516666973148344	0.0	0.6285282469359439	-0.08018700242686574	-6.760265638394714e-07	0.3142640971237769	mean
mock-5	Staggered2	mock-5|Staggered2	Mock 2	Mock 2|Staggered2	clustering_phylogeny_aware__vs__clustering_phylogeny_agnostic	Clustering | phylo-aware vs Clustering | phylo-agnostic	81	0.3296876776220471	0.37323554997550634	0.17539534920104174	0.0417382587175133	0.5867899882184305	0.0831376257660616	0.1079038673795081	0.3296876776220471	mean
mock-5	Staggered2	mock-5|Staggered2	Mock 2	Mock 2|Staggered2	clustering_phylogeny_aware__vs__clustering_phylogeny_aware	Clustering | phylo-aware within-group	36	0.0850563176365349	0.08511086921776674	0.062446458697392834	0.0	0.17022207961385963	-0.02825556872316262	-0.03282232459981815	0.0850563176365349	mean
mock-ZIEL_1	SRR13005984	mock-ZIEL_1|SRR13005984	ZIEL I	ZIEL I|SRR13005984	denoising_phylogeny_agnostic__vs__denoising_phylogeny_agnostic	Denoising | phylo-agnostic within-group	15	0.09130004727705571	0.15739069102949294	0.08171292895270449	0.0	0.17570669737955324	0.04033473838684794	0.0	0.09130004727705571	mean
mock-ZIEL_1	SRR13005984	mock-ZIEL_1|SRR13005984	ZIEL I	ZIEL I|SRR13005984	denoising_phylogeny_aware__vs__denoising_phylogeny_agnostic	Denoising | phylo-aware vs Denoising | phylo-agnostic	36	0.361080195888114	0.3957365082213977	0.08281082440459102	0.21871766548558302	0.45664306391305926	0.18088691577962923	0.3343279523069598	0.361080195888114	mean
mock-ZIEL_1	SRR13005984	mock-ZIEL_1|SRR13005984	ZIEL I	ZIEL I|SRR13005984	denoising_phylogeny_agnostic__vs__clustering_phylogeny_agnostic	Denoising | phylo-agnostic vs Clustering | phylo-agnostic	54	0.17445190226898064	0.12888529014997843	0.08825469471219434	0.037871851792022404	0.28295882863875543	0.16538456386296468	0.12888529014997843	0.17445190226898064	mean
mock-ZIEL_1	SRR13005984	mock-ZIEL_1|SRR13005984	ZIEL I	ZIEL I|SRR13005984	denoising_phylogeny_agnostic__vs__clustering_phylogeny_aware	Denoising | phylo-agnostic vs Clustering | phylo-aware	54	0.3808405359969647	0.4003538068358985	0.08805375218447761	0.22683633124732142	0.49837421790102643	0.3808405359969647	0.4003538068358985	0.3808405359969647	mean
mock-ZIEL_1	SRR13005984	mock-ZIEL_1|SRR13005984	ZIEL I	ZIEL I|SRR13005984	denoising_phylogeny_aware__vs__denoising_phylogeny_aware	Denoising | phylo-aware within-group	15	0.03189891685401627	0.0367961737790574	0.02111281059770408	0.0	0.062218701047922986	-0.012166478607804353	-0.01655287071214799	0.03189891685401627	mean
mock-ZIEL_1	SRR13005984	mock-ZIEL_1|SRR13005984	ZIEL I	ZIEL I|SRR13005984	denoising_phylogeny_aware__vs__clustering_phylogeny_agnostic	Denoising | phylo-aware vs Clustering | phylo-agnostic	54	0.1956956320251493	0.17371766793962778	0.07316209073344415	0.11146553422638084	0.3246563725737698	-0.1956956320251493	-0.17371766793962778	0.1956956320251493	mean
mock-ZIEL_1	SRR13005984	mock-ZIEL_1|SRR13005984	ZIEL I	ZIEL I|SRR13005984	denoising_phylogeny_aware__vs__clustering_phylogeny_aware	Denoising | phylo-aware vs Clustering | phylo-aware	54	0.04020070009542774	0.03152837556092664	0.030478866599302164	0.00039201780876080283	0.10394985503589019	0.019760340108850718	0.014212233618926304	0.04020070009542774	mean
mock-ZIEL_1	SRR13005984	mock-ZIEL_1|SRR13005984	ZIEL I	ZIEL I|SRR13005984	clustering_phylogeny_agnostic__vs__clustering_phylogeny_agnostic	Clustering | phylo-agnostic within-group	36	0.0754720525243016	0.07546478691694669	0.07012208042020007	0.0	0.15097213729946596	0.0022012118923434914	0.0	0.0754720525243016	mean
mock-ZIEL_1	SRR13005984	mock-ZIEL_1|SRR13005984	ZIEL I	ZIEL I|SRR13005984	clustering_phylogeny_aware__vs__clustering_phylogeny_agnostic	Clustering | phylo-aware vs Clustering | phylo-agnostic	81	0.21545597213400003	0.2143419050216485	0.07920706533005527	0.11958419998811923	0.366387526561737	0.0712301924696564	0.1461194482753715	0.21545597213400003	mean
mock-ZIEL_1	SRR13005984	mock-ZIEL_1|SRR13005984	ZIEL I	ZIEL I|SRR13005984	clustering_phylogeny_aware__vs__clustering_phylogeny_aware	Clustering | phylo-aware within-group	36	0.0471139278560297	0.04625763815794465	0.03579102656925068	0.0007239136585023009	0.0958311892741518	-0.016870313749305053	-0.0149088642900954	0.0471139278560297	mean
mock-ZIEL_1	SRR13005985	mock-ZIEL_1|SRR13005985	ZIEL I	ZIEL I|SRR13005985	denoising_phylogeny_agnostic__vs__denoising_phylogeny_agnostic	Denoising | phylo-agnostic within-group	15	0.09064235489834159	0.15760536784633172	0.08120906288700226	0.0	0.17019340256150195	0.041941653320764494	0.0	0.09064235489834159	mean
mock-ZIEL_1	SRR13005985	mock-ZIEL_1|SRR13005985	ZIEL I	ZIEL I|SRR13005985	denoising_phylogeny_aware__vs__denoising_phylogeny_agnostic	Denoising | phylo-aware vs Denoising | phylo-agnostic	36	0.36485965570507917	0.40197181431256057	0.08172447843682641	0.23088623161138788	0.4564130703393218	0.1831145041843363	0.3376632463392859	0.36485965570507917	mean
mock-ZIEL_1	SRR13005985	mock-ZIEL_1|SRR13005985	ZIEL I	ZIEL I|SRR13005985	denoising_phylogeny_agnostic__vs__clustering_phylogeny_agnostic	Denoising | phylo-agnostic vs Clustering | phylo-agnostic	54	0.17368458443939983	0.1263712470173003	0.08782079646503622	0.04333835127648078	0.27859013263376775	0.16401629802989565	0.1263712470173003	0.17368458443939983	mean
mock-ZIEL_1	SRR13005985	mock-ZIEL_1|SRR13005985	ZIEL I	ZIEL I|SRR13005985	denoising_phylogeny_agnostic__vs__clustering_phylogeny_aware	Denoising | phylo-agnostic vs Clustering | phylo-aware	54	0.3806081236844995	0.40101885639673507	0.08813371424633279	0.22982703976990326	0.498144224327289	0.3806081236844995	0.40101885639673507	0.3806081236844995	mean
mock-ZIEL_1	SRR13005985	mock-ZIEL_1|SRR13005985	ZIEL I	ZIEL I|SRR13005985	denoising_phylogeny_aware__vs__denoising_phylogeny_aware	Denoising | phylo-aware within-group	15	0.02874655845921009	0.037495870763869094	0.020347656500230384	0.0	0.05533343616643199	-0.012307482399260383	-0.012756933544938898	0.02874655845921009	mean
mock-ZIEL_1	SRR13005985	mock-ZIEL_1|SRR13005985	ZIEL I	ZIEL I|SRR13005985	denoising_phylogeny_aware__vs__clustering_phylogeny_agnostic	Denoising | phylo-aware vs Clustering | phylo-agnostic	54	0.20084335767518355	0.17784088325872188	0.07384395736266346	0.12248950153912208	0.3298883285841118	-0.20084335767518355	-0.17784088325872188	0.20084335767518355	mean
mock-ZIEL_1	SRR13005985	mock-ZIEL_1|SRR13005985	ZIEL I	ZIEL I|SRR13005985	denoising_phylogeny_aware__vs__clustering_phylogeny_aware	Denoising | phylo-aware vs Clustering | phylo-aware	54	0.03884400819057287	0.029541893210782294	0.029946029858973076	0.00010406536590248927	0.0970645901543992	0.015748467979420328	0.0094481324072664	0.03884400819057287	mean
mock-ZIEL_1	SRR13005985	mock-ZIEL_1|SRR13005985	ZIEL I	ZIEL I|SRR13005985	clustering_phylogeny_agnostic__vs__clustering_phylogeny_agnostic	Clustering | phylo-agnostic within-group	36	0.07602518869581057	0.07602134703513136	0.07260508094000137	0.0	0.15206539087855775	0.0015190412389469844	0.0	0.07602518869581057	mean
mock-ZIEL_1	SRR13005985	mock-ZIEL_1|SRR13005985	ZIEL I	ZIEL I|SRR13005985	clustering_phylogeny_aware__vs__clustering_phylogeny_agnostic	Clustering | phylo-aware vs Clustering | phylo-agnostic	81	0.21659182565460386	0.21846512034074259	0.08101432528893744	0.12143030969763746	0.371619482572079	0.07161150208078863	0.1465631682627576	0.21659182565460386	mean
mock-ZIEL_1	SRR13005985	mock-ZIEL_1|SRR13005985	ZIEL I	ZIEL I|SRR13005985	clustering_phylogeny_aware__vs__clustering_phylogeny_aware	Clustering | phylo-aware within-group	36	0.048257246449066926	0.047403934518810656	0.03728422434765946	0.0007009546788027121	0.09812378199588381	-0.017251274000593883	-0.014215412985107409	0.048257246449066926	mean
mock-ZIEL_2	SRR13005964	mock-ZIEL_2|SRR13005964	ZIEL II	ZIEL II|SRR13005964	denoising_phylogeny_agnostic__vs__denoising_phylogeny_agnostic	Denoising | phylo-agnostic within-group	15	0.08333765149425056	0.0992667525261266	0.05639298981774452	0.0	0.166065388703119	0.007153130714812135	0.0	0.08333765149425056	mean
mock-ZIEL_2	SRR13005964	mock-ZIEL_2|SRR13005964	ZIEL II	ZIEL II|SRR13005964	denoising_phylogeny_aware__vs__denoising_phylogeny_agnostic	Denoising | phylo-aware vs Denoising | phylo-agnostic	36	0.25064124151534317	0.2390144181879252	0.07364906679423314	0.1286192758572541	0.39562102682248157	0.11870621530646457	0.20026515381719773	0.25064124151534317	mean
mock-ZIEL_2	SRR13005964	mock-ZIEL_2|SRR13005964	ZIEL II	ZIEL II|SRR13005964	denoising_phylogeny_agnostic__vs__clustering_phylogeny_agnostic	Denoising | phylo-agnostic vs Clustering | phylo-agnostic	54	0.09430209929531638	0.07308366485329619	0.06719529774447065	0.005738310147381909	0.23104971405914299	0.01323078090759118	0.017365277736976298	0.09430209929531638	mean
mock-ZIEL_2	SRR13005964	mock-ZIEL_2|SRR13005964	ZIEL II	ZIEL II|SRR13005964	denoising_phylogeny_agnostic__vs__clustering_phylogeny_aware	Denoising | phylo-agnostic vs Clustering | phylo-aware	54	0.24311200943225922	0.2301281713245169	0.07248552249453362	0.1281901085358969	0.3726466720905716	0.24311200943225922	0.2301281713245169	0.24311200943225922	mean
mock-ZIEL_2	SRR13005964	mock-ZIEL_2|SRR13005964	ZIEL II	ZIEL II|SRR13005964	denoising_phylogeny_aware__vs__denoising_phylogeny_aware	Denoising | phylo-aware within-group	15	0.04580329190498663	0.0427730117915307	0.026291661621281565	0.009804684877547806	0.1009363622621085	-0.03177166034317442	-0.0413938488384657	0.04580329190498663	mean
mock-ZIEL_2	SRR13005964	mock-ZIEL_2|SRR13005964	ZIEL II	ZIEL II|SRR13005964	denoising_phylogeny_aware__vs__clustering_phylogeny_agnostic	Denoising | phylo-aware vs Clustering | phylo-agnostic	54	0.237410460607752	0.2143295500947625	0.1017524920517493	0.06363495050123011	0.4379425364266888	-0.237410460607752	-0.2143295500947625	0.237410460607752	mean
mock-ZIEL_2	SRR13005964	mock-ZIEL_2|SRR13005964	ZIEL II	ZIEL II|SRR13005964	denoising_phylogeny_aware__vs__clustering_phylogeny_aware	Denoising | phylo-aware vs Clustering | phylo-aware	54	0.037809568233171546	0.03083157690171075	0.028485354139217052	0.00012258348165339328	0.1013655295834657	-0.007529232083083989	-0.004578669123450396	0.037809568233171546	mean
mock-ZIEL_2	SRR13005964	mock-ZIEL_2|SRR13005964	ZIEL II	ZIEL II|SRR13005964	clustering_phylogeny_agnostic__vs__clustering_phylogeny_agnostic	Clustering | phylo-agnostic within-group	36	0.11777171827126333	0.10406774827735879	0.08127597486783801	0.0	0.2733712236633502	-0.00740143595961572	-0.005410541350670747	0.11777171827126333	mean
mock-ZIEL_2	SRR13005964	mock-ZIEL_2|SRR13005964	ZIEL II	ZIEL II|SRR13005964	clustering_phylogeny_aware__vs__clustering_phylogeny_agnostic	Clustering | phylo-aware vs Clustering | phylo-agnostic	81	0.22988122852466805	0.1993666222012144	0.10085008779280928	0.06320578317987291	0.41496818169477884	0.07762571493019738	0.16008331161864292	0.22988122852466805	mean
mock-ZIEL_2	SRR13005964	mock-ZIEL_2|SRR13005964	ZIEL II	ZIEL II|SRR13005964	clustering_phylogeny_aware__vs__clustering_phylogeny_aware	Clustering | phylo-aware within-group	36	0.038876902774046235	0.038862889335900944	0.028645363858753114	1.9071281409030472e-06	0.0783911748515557	-0.013227654841300238	-0.014342451961514503	0.038876902774046235	mean
mock-ZIEL_2	SRR13005965	mock-ZIEL_2|SRR13005965	ZIEL II	ZIEL II|SRR13005965	denoising_phylogeny_agnostic__vs__denoising_phylogeny_agnostic	Denoising | phylo-agnostic within-group	15	0.08327332333738531	0.08077052927856126	0.05010696625991095	0.0	0.17468792559826968	0.012257642325758796	0.0	0.08327332333738531	mean
mock-ZIEL_2	SRR13005965	mock-ZIEL_2|SRR13005965	ZIEL II	ZIEL II|SRR13005965	denoising_phylogeny_aware__vs__denoising_phylogeny_agnostic	Denoising | phylo-aware vs Denoising | phylo-agnostic	36	0.2473110914807527	0.25781167430872126	0.06577203016712854	0.1227270566969308	0.35527774884424396	0.11522563014189095	0.20131301422863426	0.2473110914807527	mean
mock-ZIEL_2	SRR13005965	mock-ZIEL_2|SRR13005965	ZIEL II	ZIEL II|SRR13005965	denoising_phylogeny_agnostic__vs__clustering_phylogeny_agnostic	Denoising | phylo-agnostic vs Clustering | phylo-agnostic	54	0.08651573830609133	0.06865149502419551	0.05772961036513035	0.007488778141630209	0.2197454207880294	0.004091914855681712	0.013177564716402204	0.08651573830609133	mean
mock-ZIEL_2	SRR13005965	mock-ZIEL_2|SRR13005965	ZIEL II	ZIEL II|SRR13005965	denoising_phylogeny_agnostic__vs__clustering_phylogeny_aware	Denoising | phylo-agnostic vs Clustering | phylo-aware	54	0.23996673511108385	0.2591018683857601	0.06603404600575916	0.1222505408477144	0.3416494614307636	0.23996673511108385	0.2591018683857601	0.23996673511108385	mean
mock-ZIEL_2	SRR13005965	mock-ZIEL_2|SRR13005965	ZIEL II	ZIEL II|SRR13005965	denoising_phylogeny_aware__vs__denoising_phylogeny_aware	Denoising | phylo-aware within-group	15	0.023379025415978753	0.0170821448750409	0.016994342012410377	0.0007731992361589002	0.057862766549043494	-0.018468903311575857	-0.0170821448750409	0.023379025415978753	mean
mock-ZIEL_2	SRR13005965	mock-ZIEL_2|SRR13005965	ZIEL II	ZIEL II|SRR13005965	denoising_phylogeny_aware__vs__clustering_phylogeny_agnostic	Denoising | phylo-aware vs Clustering | phylo-agnostic	54	0.24321917662507098	0.2139011589596221	0.08573004670788535	0.1105838469560332	0.40033524403400367	-0.24321917662507098	-0.2139011589596221	0.24321917662507098	mean
mock-ZIEL_2	SRR13005965	mock-ZIEL_2|SRR13005965	ZIEL II	ZIEL II|SRR13005965	denoising_phylogeny_aware__vs__clustering_phylogeny_aware	Denoising | phylo-aware vs Clustering | phylo-aware	54	0.02114952930736039	0.014940542802259	0.019170395713380403	0.00010884951945229482	0.0583392823982599	-0.007344356369668838	-0.0022115837054735507	0.02114952930736039	mean
mock-ZIEL_2	SRR13005965	mock-ZIEL_2|SRR13005965	ZIEL II	ZIEL II|SRR13005965	clustering_phylogeny_agnostic__vs__clustering_phylogeny_agnostic	Clustering | phylo-agnostic within-group	36	0.10061969751244632	0.08437773652245431	0.07411888682434202	0.0	0.231888630528927	-0.0009530768516789976	-0.009137083219156655	0.10061969751244632	mean
mock-ZIEL_2	SRR13005965	mock-ZIEL_2|SRR13005965	ZIEL II	ZIEL II|SRR13005965	clustering_phylogeny_aware__vs__clustering_phylogeny_agnostic	Clustering | phylo-aware vs Clustering | phylo-agnostic	81	0.23587482025540213	0.2002728715461417	0.08589866682026188	0.1101073311068168	0.3867069566205233	0.07962770728664263	0.17267325020768193	0.23587482025540213	mean
mock-ZIEL_2	SRR13005965	mock-ZIEL_2|SRR13005965	ZIEL II	ZIEL II|SRR13005965	clustering_phylogeny_aware__vs__clustering_phylogeny_aware	Clustering | phylo-aware within-group	36	0.02204649807039769	0.021999506285984502	0.02140545371706517	1.8138743914930533e-06	0.0447109949847795	-0.007613411019337074	-0.0009440417246201482	0.02204649807039769	mean
mock-ZIEL_2	SRR13005966	mock-ZIEL_2|SRR13005966	ZIEL II	ZIEL II|SRR13005966	denoising_phylogeny_agnostic__vs__denoising_phylogeny_agnostic	Denoising | phylo-agnostic within-group	15	0.12350903436433949	0.11547894161811251	0.07296957697253342	0.01758091311515958	0.2650471203489966	0.07238181451263334	0.09323331551448971	0.12350903436433949	mean
mock-ZIEL_2	SRR13005966	mock-ZIEL_2|SRR13005966	ZIEL II	ZIEL II|SRR13005966	denoising_phylogeny_aware__vs__denoising_phylogeny_agnostic	Denoising | phylo-aware vs Denoising | phylo-agnostic	36	0.24259359403365158	0.24714699290174408	0.11504011814901074	0.024039559084623074	0.4410411317860291	0.14777672443765633	0.18267009878479962	0.24259359403365158	mean
mock-ZIEL_2	SRR13005966	mock-ZIEL_2|SRR13005966	ZIEL II	ZIEL II|SRR13005966	denoising_phylogeny_agnostic__vs__clustering_phylogeny_agnostic	Denoising | phylo-agnostic vs Clustering | phylo-agnostic	54	0.10542830652961836	0.09598413722900273	0.07703015118861367	0.00385247310649639	0.2862407862407862	0.03438923308295191	0.031282898666935066	0.10542830652961836	mean
mock-ZIEL_2	SRR13005966	mock-ZIEL_2|SRR13005966	ZIEL II	ZIEL II|SRR13005966	denoising_phylogeny_agnostic__vs__clustering_phylogeny_aware	Denoising | phylo-agnostic vs Clustering | phylo-aware	54	0.2734343176057925	0.26883648470683624	0.09526402725651456	0.1272258585305861	0.4410591123323825	0.2734343176057925	0.26883648470683624	0.2734343176057925	mean
mock-ZIEL_2	SRR13005966	mock-ZIEL_2|SRR13005966	ZIEL II	ZIEL II|SRR13005966	denoising_phylogeny_aware__vs__denoising_phylogeny_aware	Denoising | phylo-aware within-group	15	0.10519883183775473	0.04404363301058241	0.12126531073332374	0.0007928615044182907	0.284900510690472	0.07934785220772148	-0.0007928615044182907	0.10519883183775473	mean
mock-ZIEL_2	SRR13005966	mock-ZIEL_2|SRR13005966	ZIEL II	ZIEL II|SRR13005966	denoising_phylogeny_aware__vs__clustering_phylogeny_agnostic	Denoising | phylo-aware vs Clustering | phylo-agnostic	54	0.21482224537522346	0.19642258333237206	0.10006152917402733	0.0455897604123639	0.3956036505780218	-0.1957448251464584	-0.19642258333237206	0.21482224537522346	mean
mock-ZIEL_2	SRR13005966	mock-ZIEL_2|SRR13005966	ZIEL II	ZIEL II|SRR13005966	denoising_phylogeny_aware__vs__clustering_phylogeny_aware	Denoising | phylo-aware vs Clustering | phylo-aware	54	0.061800365768713166	0.0240213383499357	0.09504352531354124	1.7980546353393856e-05	0.2849184912368254	0.043300259376382176	0.0019635480883042483	0.061800365768713166	mean
mock-ZIEL_2	SRR13005966	mock-ZIEL_2|SRR13005966	ZIEL II	ZIEL II|SRR13005966	clustering_phylogeny_agnostic__vs__clustering_phylogeny_agnostic	Clustering | phylo-agnostic within-group	36	0.10439002668455133	0.0878449627787965	0.07585579104080888	0.0	0.2408033050327789	-0.002108477175966683	-0.010204203228129705	0.10439002668455133	mean
mock-ZIEL_2	SRR13005966	mock-ZIEL_2|SRR13005966	ZIEL II	ZIEL II|SRR13005966	clustering_phylogeny_aware__vs__clustering_phylogeny_agnostic	Clustering | phylo-aware vs Clustering | phylo-agnostic	81	0.23904508452284057	0.2002728715461417	0.08892513279634366	0.1060321926387965	0.3956216311243752	0.08067517214087447	0.17654088986112149	0.23904508452284057	mean
mock-ZIEL_2	SRR13005966	mock-ZIEL_2|SRR13005966	ZIEL II	ZIEL II|SRR13005966	clustering_phylogeny_aware__vs__clustering_phylogeny_aware	Clustering | phylo-aware within-group	36	0.024078614602541848	0.0240213383499357	0.022707291803799434	1.8138743914930533e-06	0.04878613345279979	-0.008295362714803547	-0.0017330346258383963	0.024078614602541848	mean
mock-ZYMO	SRR13006002	mock-ZYMO|SRR13006002	ZYMO	ZYMO|SRR13006002	denoising_phylogeny_agnostic__vs__denoising_phylogeny_agnostic	Denoising | phylo-agnostic within-group	15	0.09417628277717326	0.08702221997559201	0.061009617684239556	0.004130127256889771	0.17410888940514868	0.019014211328231074	-0.004130127256889771	0.09417628277717326	mean
mock-ZYMO	SRR13006002	mock-ZYMO|SRR13006002	ZYMO	ZYMO|SRR13006002	denoising_phylogeny_aware__vs__denoising_phylogeny_agnostic	Denoising | phylo-aware vs Denoising | phylo-agnostic	36	0.07856684263045077	0.07812386540368993	0.057269235607112265	0.0022762189905968233	0.1890224085796357	-0.003798873446464429	-0.007299162264313791	0.07856684263045077	mean
mock-ZYMO	SRR13006002	mock-ZYMO|SRR13006002	ZYMO	ZYMO|SRR13006002	denoising_phylogeny_agnostic__vs__clustering_phylogeny_agnostic	Denoising | phylo-agnostic vs Clustering | phylo-agnostic	54	0.15391055204992976	0.1449146717189353	0.08548735820426177	0.022848917551412495	0.2949787621482589	0.1483741117877392	0.1449146717189353	0.15391055204992976	mean
mock-ZYMO	SRR13006002	mock-ZYMO|SRR13006002	ZYMO	ZYMO|SRR13006002	denoising_phylogeny_agnostic__vs__clustering_phylogeny_aware	Denoising | phylo-agnostic vs Clustering | phylo-aware	54	0.08335027303436338	0.08427955758369235	0.06171605199093205	0.0020597794960963145	0.1881636734684593	0.001919339316404256	-0.0041248431245412	0.08335027303436338	mean
mock-ZYMO	SRR13006002	mock-ZYMO|SRR13006002	ZYMO	ZYMO|SRR13006002	denoising_phylogeny_aware__vs__denoising_phylogeny_aware	Denoising | phylo-aware within-group	15	0.0876045415423646	0.0817890304859859	0.05105211203095083	0.01114894878015027	0.1826160623321491	0.040161054985116594	0.06513285756956494	0.0876045415423646	mean
mock-ZYMO	SRR13006002	mock-ZYMO|SRR13006002	ZYMO	ZYMO|SRR13006002	denoising_phylogeny_aware__vs__clustering_phylogeny_agnostic	Denoising | phylo-aware vs Clustering | phylo-agnostic	54	0.14839328439415916	0.14792015176386758	0.08520121046846432	0.0035970980701226507	0.30989228132274593	0.145707751435166	0.14792015176386758	0.14839328439415916	mean
mock-ZYMO	SRR13006002	mock-ZYMO|SRR13006002	ZYMO	ZYMO|SRR13006002	denoising_phylogeny_aware__vs__clustering_phylogeny_aware	Denoising | phylo-aware vs Clustering | phylo-aware	54	0.07878936215387426	0.0816629628388893	0.0600821415546252	0.0002164394945005088	0.18283250182664962	-0.0007470210361689525	0.0006636549499350608	0.07878936215387426	mean
mock-ZYMO	SRR13006002	mock-ZYMO|SRR13006002	ZYMO	ZYMO|SRR13006002	clustering_phylogeny_agnostic__vs__clustering_phylogeny_agnostic	Clustering | phylo-agnostic within-group	36	0.07392445877570623	0.07392445877570623	0.054310309463325726	0.0	0.14784891755141247	0.009579460905022897	0.0	0.07392445877570623	mean
mock-ZYMO	SRR13006002	mock-ZYMO|SRR13006002	ZYMO	ZYMO|SRR13006002	clustering_phylogeny_aware__vs__clustering_phylogeny_agnostic	Clustering | phylo-aware vs Clustering | phylo-agnostic	81	0.1510745809280719	0.1511199092577516	0.08925285592242016	0.02078913805531618	0.30903354621156953	-0.048818257490444994	-0.0695830140659589	0.1510745809280719	mean
mock-ZYMO	SRR13006002	mock-ZYMO|SRR13006002	ZYMO	ZYMO|SRR13006002	clustering_phylogeny_aware__vs__clustering_phylogeny_aware	Clustering | phylo-aware within-group	36	0.09098688335773661	0.09098688335773661	0.06560106139185669	0.0	0.18197376671547322	0.03032896111924553	0.040768447595896345	0.09098688335773661	mean
mock-ZYMO	SRR13006003	mock-ZYMO|SRR13006003	ZYMO	ZYMO|SRR13006003	denoising_phylogeny_agnostic__vs__denoising_phylogeny_agnostic	Denoising | phylo-agnostic within-group	15	0.12195967293678904	0.12553846153846154	0.07722659538935987	0.0072139712143776125	0.25374358974358985	0.07813727323606653	0.08217189314750306	0.12195967293678904	mean
mock-ZYMO	SRR13006003	mock-ZYMO|SRR13006003	ZYMO	ZYMO|SRR13006003	denoising_phylogeny_aware__vs__denoising_phylogeny_agnostic	Denoising | phylo-aware vs Denoising | phylo-agnostic	36	0.11192668056324566	0.09543910057874258	0.0850985031110383	0.007145644360178949	0.37586336467860754	0.017036210848386524	0.037002060914642254	0.11192668056324566	mean
mock-ZYMO	SRR13006003	mock-ZYMO|SRR13006003	ZYMO	ZYMO|SRR13006003	denoising_phylogeny_agnostic__vs__clustering_phylogeny_agnostic	Denoising | phylo-agnostic vs Clustering | phylo-agnostic	54	0.19038223577028915	0.16887225355041457	0.10986643590622534	0.008628637816432694	0.39376282051282063	0.18763947395390512	0.16887225355041457	0.19038223577028915	mean
mock-ZYMO	SRR13006003	mock-ZYMO|SRR13006003	ZYMO	ZYMO|SRR13006003	denoising_phylogeny_agnostic__vs__clustering_phylogeny_aware	Denoising | phylo-agnostic vs Clustering | phylo-aware	54	0.0841765390807435	0.0857858482980434	0.04475070169519216	0.010279529023860756	0.16743634128177454	0.010402243784101813	0.037485267321998916	0.0841765390807435	mean
mock-ZYMO	SRR13006003	mock-ZYMO|SRR13006003	ZYMO	ZYMO|SRR13006003	denoising_phylogeny_aware__vs__denoising_phylogeny_aware	Denoising | phylo-aware within-group	15	0.10532361261912081	0.038151031139561864	0.11597205602288238	0.003990694497282732	0.28943212876926694	0.09758206458480988	0.03416033664227913	0.10532361261912081	mean
mock-ZYMO	SRR13006003	mock-ZYMO|SRR13006003	ZYMO	ZYMO|SRR13006003	denoising_phylogeny_aware__vs__clustering_phylogeny_agnostic	Denoising | phylo-aware vs Clustering | phylo-agnostic	54	0.22226344338869544	0.21889096412131254	0.12036535014177246	0.07042248812737029	0.5158825954478383	0.22226344338869544	0.21889096412131254	0.22226344338869544	mean
mock-ZYMO	SRR13006003	mock-ZYMO|SRR13006003	ZYMO	ZYMO|SRR13006003	denoising_phylogeny_aware__vs__clustering_phylogeny_aware	Denoising | phylo-aware vs Clustering | phylo-aware	54	0.06268824605512607	0.025949989941779605	0.09238076000986792	0.00010960298111239997	0.2895561162167922	0.045026213218892136	0.006529473080867043	0.06268824605512607	mean
mock-ZYMO	SRR13006003	mock-ZYMO|SRR13006003	ZYMO	ZYMO|SRR13006003	clustering_phylogeny_agnostic__vs__clustering_phylogeny_agnostic	Clustering | phylo-agnostic within-group	36	0.08150146794588499	0.07795629696790826	0.057221669101124785	0.0	0.1560279785512011	0.0009248854490941402	-5.7692307692341904e-05	0.08150146794588499	mean
mock-ZYMO	SRR13006003	mock-ZYMO|SRR13006003	ZYMO	ZYMO|SRR13006003	clustering_phylogeny_aware__vs__clustering_phylogeny_agnostic	Clustering | phylo-aware vs Clustering | phylo-agnostic	81	0.1772372301698033	0.1851047038490356	0.06966422498430498	0.070298500679845	0.278652934627586	-0.06360063615668894	-0.1198092427803521	0.1772372301698033	mean
mock-ZYMO	SRR13006003	mock-ZYMO|SRR13006003	ZYMO	ZYMO|SRR13006003	clustering_phylogeny_aware__vs__clustering_phylogeny_aware	Clustering | phylo-aware within-group	36	0.02537996605970738	0.02615603546506351	0.01799079886657985	0.0	0.052326455396539906	0.008882138617105326	0.012246269023480971	0.02537996605970738	mean
mock-ZYMO	SRR13006004	mock-ZYMO|SRR13006004	ZYMO	ZYMO|SRR13006004	denoising_phylogeny_agnostic__vs__denoising_phylogeny_agnostic	Denoising | phylo-agnostic within-group	15	0.09447262807058249	0.10199640710879182	0.06439418114824644	0.003928712612583984	0.17531363190409172	0.026750845855622114	0.004031678265927652	0.09447262807058249	mean
mock-ZYMO	SRR13006004	mock-ZYMO|SRR13006004	ZYMO	ZYMO|SRR13006004	denoising_phylogeny_aware__vs__denoising_phylogeny_agnostic	Denoising | phylo-aware vs Denoising | phylo-agnostic	36	0.0646881030696381	0.05041898147483109	0.04619718699364867	0.003483455956000081	0.15552299704037592	-0.015670111667968518	-0.012626543571793936	0.0646881030696381	mean
mock-ZYMO	SRR13006004	mock-ZYMO|SRR13006004	ZYMO	ZYMO|SRR13006004	denoising_phylogeny_agnostic__vs__clustering_phylogeny_agnostic	Denoising | phylo-agnostic vs Clustering | phylo-agnostic	54	0.16239339397328056	0.16023821591587528	0.09482186291049699	0.007009991352804834	0.31545933746178534	0.16038353393690347	0.16023821591587528	0.16239339397328056	mean
mock-ZYMO	SRR13006004	mock-ZYMO|SRR13006004	ZYMO	ZYMO|SRR13006004	denoising_phylogeny_agnostic__vs__clustering_phylogeny_aware	Denoising | phylo-agnostic vs Clustering | phylo-aware	54	0.06587627164116025	0.04859013056480416	0.04808940229271396	0.009971872317924124	0.15748190050280791	-0.026150606955981086	-0.00015382835296831598	0.06587627164116025	mean
mock-ZYMO	SRR13006004	mock-ZYMO|SRR13006004	ZYMO	ZYMO|SRR13006004	denoising_phylogeny_aware__vs__denoising_phylogeny_aware	Denoising | phylo-aware within-group	15	0.025537106796975313	0.023981030508519574	0.014886083068863167	0.007562431699002281	0.0594621595413935	0.0064924621093915055	0.01063329233012611	0.025537106796975313	mean
mock-ZYMO	SRR13006004	mock-ZYMO|SRR13006004	ZYMO	ZYMO|SRR13006004	denoising_phylogeny_aware__vs__clustering_phylogeny_agnostic	Denoising | phylo-aware vs Clustering | phylo-agnostic	54	0.18426223422554902	0.16590821650252313	0.06771169261887294	0.08501709977669364	0.29566870259806954	0.18426223422554902	0.16590821650252313	0.18426223422554902	mean
mock-ZYMO	SRR13006004	mock-ZYMO|SRR13006004	ZYMO	ZYMO|SRR13006004	denoising_phylogeny_aware__vs__clustering_phylogeny_aware	Denoising | phylo-aware vs Clustering | phylo-aware	54	0.025120018078096797	0.0255781454845338	0.018233101811609077	0.00010759009553074073	0.06142106300382549	-0.0022719066673355503	0.00011337296027730259	0.025120018078096797	mean
mock-ZYMO	SRR13006004	mock-ZYMO|SRR13006004	ZYMO	ZYMO|SRR13006004	clustering_phylogeny_agnostic__vs__clustering_phylogeny_agnostic	Clustering | phylo-agnostic within-group	36	0.07909546594085262	0.08432497394018831	0.05613452694505912	0.0	0.1511894432799824	0.00410267290128259	-4.1289870705812914e-05	0.07909546594085262	mean
mock-ZYMO	SRR13006004	mock-ZYMO|SRR13006004	ZYMO	ZYMO|SRR13006004	clustering_phylogeny_aware__vs__clustering_phylogeny_agnostic	Clustering | phylo-aware vs Clustering | phylo-agnostic	81	0.18653414089288456	0.1851047038490356	0.06924962245646885	0.08490372681641634	0.29762760606050154	-0.06669245821127492	-0.12638598118096572	0.18653414089288456	mean
mock-ZYMO	SRR13006004	mock-ZYMO|SRR13006004	ZYMO	ZYMO|SRR13006004	clustering_phylogeny_aware__vs__clustering_phylogeny_aware	Clustering | phylo-aware within-group	36	0.029987651144829566	0.030764326549678117	0.021220049456612818	0.0	0.061534435964102796	0.010422465240934924	0.015092750892130635	0.029987651144829566	mean
